company_id,company_name,industry,headquarters_region,dfw_presence,strategic_summary,tech_stack_themes,growth_signals,risk_factors,sponsorship_context,priority_tier,last_updated,business_model,major_business_units,current_strategic_themes,technology_themes,ai_data_cloud_security_themes,recent_projects_or_initiatives,known_platforms_or_tools,why_they_hire_tech_roles,common_role_families,sponsorship_signal_summary,source_urls
C001,JPMorgan Chase,Finance + Technology,New York / DFW,Plano / Dallas,JPMorgan Chase (Plano / Dallas): Digital banking; AI productivity; platform modernization; risk and compliance automation. DFW presence supports technology hiring in target role families.,Cloud migration;microservices;data platforms;API banking;DevSecOps,Digital banking; AI productivity; platform modernization; risk and compliance automation,Role location verification; competitive hiring; sponsorship varies by team,DFW mega tech center; >800 open positions reported June 2026; validate sponsorship via DOL/USCIS,Tier 1 - attack first,2026-07-04,"Regulated financial services revenue from lending, payments, trading, and wealth management with technology as core delivery channel.",Consumer banking; commercial banking; markets; wealth/asset management; corporate technology,Digital banking; AI productivity; platform modernization; risk and compliance automation,Cloud migration; microservices; data platforms; API banking; DevSecOps,Responsible AI; fraud analytics; IAM; SIEM; model risk governance,AI productivity platform; Plano technology hub; Digital banking modernization,AWS/Azure; Kubernetes; Python; SQL; Splunk; ServiceNow,"Scale regulated digital products, automate operations, and maintain security controls across global platforms.",Technology Analyst; Software Engineer; Cloud Security; Data Engineer; AI/ML Engineer,DFW mega tech center; >800 open positions reported June 2026; validate sponsorship via DOL/USCIS H-1B employer signal confidence 4/5 from sample research — validate per role via DOL LCA data; not legal advice.,"https://careers.jpmorgan.com,https://www.jpmorganchase.com/newsroom,https://careers.jpmorgan.com/about/technology,https://www.dol.gov/agencies/eta/foreign-labor"
C002,Goldman Sachs,Finance + Engineering,New York / DFW,Dallas,Goldman Sachs (Dallas): Digital banking; AI productivity; platform modernization; risk and compliance automation. DFW presence supports technology hiring in target role families.,Cloud migration;microservices;data platforms;API banking;DevSecOps,Digital banking; AI productivity; platform modernization; risk and compliance automation,Role location verification; competitive hiring; sponsorship varies by team,Major Dallas campus; large DFW expansion; sponsor history must be verified in DOL/USCIS per role,Tier 1 - attack first,2026-07-04,"Regulated financial services revenue from lending, payments, trading, and wealth management with technology as core delivery channel.",Consumer banking; commercial banking; markets; wealth/asset management; corporate technology,Digital banking; AI productivity; platform modernization; risk and compliance automation,Cloud migration; microservices; data platforms; API banking; DevSecOps,Responsible AI; fraud analytics; IAM; SIEM; model risk governance,Engineering at scale; Dallas office expansion; Machine learning and AI,AWS/Azure; Kubernetes; Python; SQL; Splunk; ServiceNow,"Scale regulated digital products, automate operations, and maintain security controls across global platforms.",Technology Analyst; Software Engineer; Cloud Security; Data Engineer; AI/ML Engineer,Major Dallas campus; large DFW expansion; sponsor history must be verified in DOL/USCIS per role H-1B employer signal confidence 4/5 from sample research — validate per role via DOL LCA data; not legal advice.,"https://www.goldmansachs.com/careers,https://www.goldmansachs.com/pressroom,https://www.goldmansachs.com/careers/our-firm/engineering,https://www.dol.gov/agencies/eta/foreign-labor"
C003,Bank of America,Finance + Technology,Charlotte / DFW,Dallas,Bank of America (Dallas): Digital banking; AI productivity; platform modernization; risk and compliance automation. DFW presence supports technology hiring in target role families.,Cloud migration;microservices;data platforms;API banking;DevSecOps,Digital banking; AI productivity; platform modernization; risk and compliance automation,Role location verification; competitive hiring; sponsorship varies by team,DFW expansion source; sponsor history must be checked in DOL/USCIS,Tier 1 - attack first,2026-07-04,"Regulated financial services revenue from lending, payments, trading, and wealth management with technology as core delivery channel.",Consumer banking; commercial banking; markets; wealth/asset management; corporate technology,Digital banking; AI productivity; platform modernization; risk and compliance automation,Cloud migration; microservices; data platforms; API banking; DevSecOps,Responsible AI; fraud analytics; IAM; SIEM; model risk governance,Digital transformation; Cloud and data platforms; Cybersecurity programs,AWS/Azure; Kubernetes; Python; SQL; Splunk; ServiceNow,"Scale regulated digital products, automate operations, and maintain security controls across global platforms.",Technology Analyst; Software Engineer; Cloud Security; Data Engineer; AI/ML Engineer,DFW expansion source; sponsor history must be checked in DOL/USCIS H-1B employer signal confidence 4/5 from sample research — validate per role via DOL LCA data; not legal advice.,"https://careers.bankofamerica.com,https://newsroom.bankofamerica.com,https://careers.bankofamerica.com/en-us/life-at-bank-of-america/technology,https://www.dol.gov/agencies/eta/foreign-labor"
C004,Citi,Finance + Technology Operations,New York / DFW,Irving,Citi (Irving): Digital banking; AI productivity; platform modernization; risk and compliance automation. DFW presence supports technology hiring in target role families.,Cloud migration;microservices;data platforms;API banking;DevSecOps,Digital banking; AI productivity; platform modernization; risk and compliance automation,Role location verification; competitive hiring; sponsorship varies by team,Large Irving campus; finance-tech hiring signal; DOL/USCIS validation required,Tier 1 - attack first,2026-07-04,"Regulated financial services revenue from lending, payments, trading, and wealth management with technology as core delivery channel.",Consumer banking; commercial banking; markets; wealth/asset management; corporate technology,Digital banking; AI productivity; platform modernization; risk and compliance automation,Cloud migration; microservices; data platforms; API banking; DevSecOps,Responsible AI; fraud analytics; IAM; SIEM; model risk governance,Digital transformation; Cloud and data platforms; Cybersecurity programs,AWS/Azure; Kubernetes; Python; SQL; Splunk; ServiceNow,"Scale regulated digital products, automate operations, and maintain security controls across global platforms.",Technology Analyst; Software Engineer; Cloud Security; Data Engineer; AI/ML Engineer,Large Irving campus; finance-tech hiring signal; DOL/USCIS validation required H-1B employer signal confidence 4/5 from sample research — validate per role via DOL LCA data; not legal advice.,"https://jobs.citi.com,https://www.citigroup.com/global/news,https://jobs.citi.com/technology,https://www.dol.gov/agencies/eta/foreign-labor"
C005,Charles Schwab,Financial Services + Tech,Westlake / DFW,Westlake / DFW,Charles Schwab (Westlake / DFW): Digital banking; AI productivity; platform modernization; risk and compliance automation. DFW presence supports technology hiring in target role families.,Cloud migration;microservices;data platforms;API banking;DevSecOps,Digital banking; AI productivity; platform modernization; risk and compliance automation,Role location verification; competitive hiring; sponsorship varies by team,Texas top H-1B employer list; DFW HQ/large presence,Tier 1 - attack first,2026-07-04,"Regulated financial services revenue from lending, payments, trading, and wealth management with technology as core delivery channel.",Consumer banking; commercial banking; markets; wealth/asset management; corporate technology,Digital banking; AI productivity; platform modernization; risk and compliance automation,Cloud migration; microservices; data platforms; API banking; DevSecOps,Responsible AI; fraud analytics; IAM; SIEM; model risk governance,Digital transformation; Cloud and data platforms; Cybersecurity programs,AWS/Azure; Kubernetes; Python; SQL; Splunk; ServiceNow,"Scale regulated digital products, automate operations, and maintain security controls across global platforms.",Technology Analyst; Software Engineer; Cloud Security; Data Engineer; AI/ML Engineer,Texas top H-1B employer list; DFW HQ/large presence H-1B employer signal confidence 5/5 from sample research — validate per role via DOL LCA data; not legal advice.,"https://www.schwabjobs.com,https://pressroom.aboutschwab.com,https://www.aboutschwab.com/who-we-are/technology,https://www.dol.gov/agencies/eta/foreign-labor"
C006,Capital One,Finance + Software Engineering,McLean / DFW,Plano,Capital One (Plano): Digital banking; AI productivity; platform modernization; risk and compliance automation. DFW presence supports technology hiring in target role families.,Cloud migration;microservices;data platforms;API banking;DevSecOps,Digital banking; AI productivity; platform modernization; risk and compliance automation,Role location verification; competitive hiring; sponsorship varies by team,Plano top employer; known technology employer; DOL/USCIS verification needed,Tier 1 - attack first,2026-07-04,"Regulated financial services revenue from lending, payments, trading, and wealth management with technology as core delivery channel.",Consumer banking; commercial banking; markets; wealth/asset management; corporate technology,Digital banking; AI productivity; platform modernization; risk and compliance automation,Cloud migration; microservices; data platforms; API banking; DevSecOps,Responsible AI; fraud analytics; IAM; SIEM; model risk governance,Cloud-first banking; ML fraud detection; Plano technology hub,AWS/Azure; Kubernetes; Python; SQL; Splunk; ServiceNow,"Scale regulated digital products, automate operations, and maintain security controls across global platforms.",Technology Analyst; Software Engineer; Cloud Security; Data Engineer; AI/ML Engineer,Plano top employer; known technology employer; DOL/USCIS verification needed H-1B employer signal confidence 4/5 from sample research — validate per role via DOL LCA data; not legal advice.,"https://www.capitalonecareers.com,https://www.capitalone.com/about/newsroom/,https://www.capitalone.com/tech/,https://www.dol.gov/agencies/eta/foreign-labor"
C007,Toyota Motor North America,Automotive + Data/Cloud/Security,Plano HQ,Plano,Toyota Motor North America (Plano): Software-defined vehicles; EV platforms; connected mobility; supply chain digitization. DFW presence supports technology hiring in target role families.,Embedded systems;telematics;cloud data platforms;ERP,Software-defined vehicles; EV platforms; connected mobility; supply chain digitization,Role location verification; competitive hiring; sponsorship varies by team,Plano top employer; DOL/USCIS validation needed for sponsor evidence,Tier 1 - attack first,2026-07-04,Vehicle manufacturing and mobility services revenue with growing software-defined vehicle and connected services segments.,Manufacturing; connected services; finance; supply chain; enterprise IT,Software-defined vehicles; EV platforms; connected mobility; supply chain digitization,Embedded systems; telematics; cloud data platforms; ERP,Vehicle cybersecurity; predictive analytics; cloud security; IoT data,Mobility and connected services; Supply chain software; Talent community recruiting,AWS; Azure; SAP; Python; embedded Linux; SIEM,"Build connected vehicle platforms, secure automotive software supply chains, and digitize manufacturing.",Software Engineer; Cybersecurity Analyst; Data Analyst; Cloud Engineer; Business Systems Analyst,Plano top employer; DOL/USCIS validation needed for sponsor evidence H-1B employer signal confidence 3/5 from sample research — validate per role via DOL LCA data; not legal advice.,"https://careers.toyota.com,https://pressroom.toyota.com,https://careers.toyota.com/us/en/technology-data-analytics,https://www.dol.gov/agencies/eta/foreign-labor"
C008,AT&T,Telecom + Cloud + Security,Dallas HQ,Dallas / Plano / Irving,AT&T (Dallas / Plano / Irving): 5G and fiber expansion; network cloudification; AI-driven operations. DFW presence supports technology hiring in target role families.,NFV;SDN;edge computing;OSS/BSS modernization,5G and fiber expansion; network cloudification; AI-driven operations,Role location verification; competitive hiring; sponsorship varies by team,Texas top H-1B employer list; DFW HQ/major presence,Tier 1 - attack first,2026-07-04,"Connectivity and media revenue from wireless, fiber, enterprise services, and network infrastructure.",Consumer mobility; business wireline; network operations; technology labs,5G and fiber expansion; network cloudification; AI-driven operations,NFV; SDN; edge computing; OSS/BSS modernization,Network security; IAM; telemetry analytics; AI ops,Network modernization; AI-driven operations; DFW technology hiring,Kubernetes; Python; Splunk; cloud platforms; network automation,"Modernize core network, automate operations, and secure large-scale consumer and enterprise services.",Network Engineer; Cloud Analyst; Security Engineer; Data Analyst; Operations Technology Analyst,Texas top H-1B employer list; DFW HQ/major presence H-1B employer signal confidence 5/5 from sample research — validate per role via DOL LCA data; not legal advice.,"https://www.att.jobs,https://about.att.com/newsroom,https://about.att.com/innovation,https://www.dol.gov/agencies/eta/foreign-labor"
C009,Ericsson,Telecom Infrastructure,Stockholm / Plano,Plano,Ericsson (Plano): 5G and fiber expansion; network cloudification; AI-driven operations. DFW presence supports technology hiring in target role families.,NFV;SDN;edge computing;OSS/BSS modernization,5G and fiber expansion; network cloudification; AI-driven operations,Role location verification; competitive hiring; sponsorship varies by team,Texas top H-1B employer list; Plano top employer,Tier 1 - attack first,2026-07-04,"Connectivity and media revenue from wireless, fiber, enterprise services, and network infrastructure.",Consumer mobility; business wireline; network operations; technology labs,5G and fiber expansion; network cloudification; AI-driven operations,NFV; SDN; edge computing; OSS/BSS modernization,Network security; IAM; telemetry analytics; AI ops,5G utilities innovation; AI and IoT internships; Open positions portal,Kubernetes; Python; Splunk; cloud platforms; network automation,"Modernize core network, automate operations, and secure large-scale consumer and enterprise services.",Network Engineer; Cloud Analyst; Security Engineer; Data Analyst; Operations Technology Analyst,Texas top H-1B employer list; Plano top employer H-1B employer signal confidence 5/5 from sample research — validate per role via DOL LCA data; not legal advice.,"https://jobs.ericsson.com/careers,https://www.ericsson.com/en/news,https://www.ericsson.com/en/blog,https://www.dol.gov/agencies/eta/foreign-labor"
C010,NTT DATA,IT Services + Consulting,Tokyo / Plano,Plano / Dallas,NTT DATA (Plano / Dallas): AI-led modernization; cloud-native delivery; industry-specific platforms. DFW presence supports technology hiring in target role families.,Hybrid cloud;DevOps;microservices;data engineering,AI-led modernization; cloud-native delivery; industry-specific platforms,Role location verification; competitive hiring; sponsorship varies by team,Texas top H-1B employer list; Plano top employer,Tier 1 - attack first,2026-07-04,"IT services and outsourcing revenue from application development, cloud migration, and managed services for enterprise clients.",Digital engineering; cloud; data and AI; enterprise applications; consulting,AI-led modernization; cloud-native delivery; industry-specific platforms,Hybrid cloud; DevOps; microservices; data engineering,ML ops; cloud security posture; automation; analytics at scale,Digital transformation; Cloud and data platforms; Cybersecurity programs,AWS; Azure; Kubernetes; Java; Python; Snowflake,"Deliver client programs requiring scalable engineering, data, and security talent in DFW delivery centers.",Technology Analyst; Cloud Engineer; Data Analyst; Security Engineer; DevOps Engineer,Texas top H-1B employer list; Plano top employer H-1B employer signal confidence 5/5 from sample research — validate per role via DOL LCA data; not legal advice.,"https://careers.nttdata.com,https://www.nttdata.com/global/en/news,https://www.nttdata.com/global/en/services/data-and-intelligence,https://www.dol.gov/agencies/eta/foreign-labor"
C011,Samsung Electronics America / Samsung Austin Semiconductor,Electronics + Semiconductor,Seoul / Plano,Plano / Austin,Samsung Electronics America / Samsung Austin Semiconductor (Plano / Austin): Software-defined vehicles; EV platforms; connected mobility; supply chain digitization. DFW presence supports technology hiring in target role families.,Embedded systems;telematics;cloud data platforms;ERP,Software-defined vehicles; EV platforms; connected mobility; supply chain digitization,Role location verification; competitive hiring; sponsorship varies by team,Texas top H-1B employer list; Plano Samsung employer signal,Tier 1 - attack first,2026-07-04,Vehicle manufacturing and mobility services revenue with growing software-defined vehicle and connected services segments.,Manufacturing; connected services; finance; supply chain; enterprise IT,Software-defined vehicles; EV platforms; connected mobility; supply chain digitization,Embedded systems; telematics; cloud data platforms; ERP,Vehicle cybersecurity; predictive analytics; cloud security; IoT data,Digital transformation; Cloud and data platforms; Cybersecurity programs,AWS; Azure; SAP; Python; embedded Linux; SIEM,"Build connected vehicle platforms, secure automotive software supply chains, and digitize manufacturing.",Software Engineer; Cybersecurity Analyst; Data Analyst; Cloud Engineer; Business Systems Analyst,Texas top H-1B employer list; Plano Samsung employer signal H-1B employer signal confidence 5/5 from sample research — validate per role via DOL LCA data; not legal advice.,"https://www.samsung.com/us/careers/,https://news.samsung.com/us,https://research.samsung.com,https://www.dol.gov/agencies/eta/foreign-labor"
C012,KPMG,Consulting + Risk + Cyber,Global / Dallas,Dallas,KPMG (Dallas): Client digital transformation; cloud migration; cyber resilience; AI advisory. DFW presence supports technology hiring in target role families.,Cloud platforms;ERP modernization;data analytics;agile delivery,Client digital transformation; cloud migration; cyber resilience; AI advisory,Role location verification; competitive hiring; sponsorship varies by team,Texas top H-1B employer list,Tier 1 - attack first,2026-07-04,"Professional services revenue from client engagements across strategy, technology implementation, audit, and risk advisory.",Consulting; advisory; audit; tax; technology delivery practices,Client digital transformation; cloud migration; cyber resilience; AI advisory,Cloud platforms; ERP modernization; data analytics; agile delivery,GenAI governance; cloud security; data mesh; identity management,Digital transformation; Cloud and data platforms; Cybersecurity programs,AWS; Azure; GCP; Salesforce; SAP; Python; Power BI,Staff client-facing delivery teams for enterprise transformation and managed security programs.,Technology Consultant; Cloud Analyst; Cybersecurity Analyst; Data Analyst; Platform Engineer,Texas top H-1B employer list H-1B employer signal confidence 5/5 from sample research — validate per role via DOL LCA data; not legal advice.,"https://www.kpmg.com/us/en/careers.html,https://kpmg.com/us/en/media/news.html,https://kpmg.com/us/en/capabilities-services/advisory-services/technology.html,https://www.dol.gov/agencies/eta/foreign-labor"
C013,Deloitte,Consulting + Technology,Global / Dallas,Dallas,Deloitte (Dallas): Client digital transformation; cloud migration; cyber resilience; AI advisory. DFW presence supports technology hiring in target role families.,Cloud platforms;ERP modernization;data analytics;agile delivery,Client digital transformation; cloud migration; cyber resilience; AI advisory,Role location verification; competitive hiring; sponsorship varies by team,Large DFW consulting presence; DOL/USCIS verification needed,Tier 1 - attack first,2026-07-04,"Professional services revenue from client engagements across strategy, technology implementation, audit, and risk advisory.",Consulting; advisory; audit; tax; technology delivery practices,Client digital transformation; cloud migration; cyber resilience; AI advisory,Cloud platforms; ERP modernization; data analytics; agile delivery,GenAI governance; cloud security; data mesh; identity management,Digital transformation; Cloud and data platforms; Cybersecurity programs,AWS; Azure; GCP; Salesforce; SAP; Python; Power BI,Staff client-facing delivery teams for enterprise transformation and managed security programs.,Technology Consultant; Cloud Analyst; Cybersecurity Analyst; Data Analyst; Platform Engineer,Large DFW consulting presence; DOL/USCIS verification needed H-1B employer signal confidence 4/5 from sample research — validate per role via DOL LCA data; not legal advice.,"https://apply.deloitte.com,https://www2.deloitte.com/us/en/pages/about-deloitte/articles/press-releases.html,https://www2.deloitte.com/us/en/pages/technology/articles/deloitte-on-technology.html,https://www.dol.gov/agencies/eta/foreign-labor"
C014,Accenture,Technology Consulting,Global / Dallas,Dallas,Accenture (Dallas): Client digital transformation; cloud migration; cyber resilience; AI advisory. DFW presence supports technology hiring in target role families.,Cloud platforms;ERP modernization;data analytics;agile delivery,Client digital transformation; cloud migration; cyber resilience; AI advisory,Role location verification; competitive hiring; sponsorship varies by team,Major H-1B employer historically; DOL/USCIS verification needed for Dallas,Tier 1 - attack first,2026-07-04,"Professional services revenue from client engagements across strategy, technology implementation, audit, and risk advisory.",Consulting; advisory; audit; tax; technology delivery practices,Client digital transformation; cloud migration; cyber resilience; AI advisory,Cloud platforms; ERP modernization; data analytics; agile delivery,GenAI governance; cloud security; data mesh; identity management,Digital transformation; Cloud and data platforms; Cybersecurity programs,AWS; Azure; GCP; Salesforce; SAP; Python; Power BI,Staff client-facing delivery teams for enterprise transformation and managed security programs.,Technology Consultant; Cloud Analyst; Cybersecurity Analyst; Data Analyst; Platform Engineer,Major H-1B employer historically; DOL/USCIS verification needed for Dallas H-1B employer signal confidence 4/5 from sample research — validate per role via DOL LCA data; not legal advice.,"https://www.accenture.com/us-en/careers,https://newsroom.accenture.com,https://www.accenture.com/us-en/services/cloud,https://www.dol.gov/agencies/eta/foreign-labor"
C015,Cognizant,IT Services + AI Builder,Global / DFW,DFW / Texas client sites,Cognizant (DFW / Texas client sites): AI-led modernization; cloud-native delivery; industry-specific platforms. DFW presence supports technology hiring in target role families.,Hybrid cloud;DevOps;microservices;data engineering,AI-led modernization; cloud-native delivery; industry-specific platforms,Role location verification; competitive hiring; sponsorship varies by team,Texas #1 H-1B employer in cited list,Tier 1 - attack first,2026-07-04,"IT services and outsourcing revenue from application development, cloud migration, and managed services for enterprise clients.",Digital engineering; cloud; data and AI; enterprise applications; consulting,AI-led modernization; cloud-native delivery; industry-specific platforms,Hybrid cloud; DevOps; microservices; data engineering,ML ops; cloud security posture; automation; analytics at scale,Digital transformation; Cloud and data platforms; Cybersecurity programs,AWS; Azure; Kubernetes; Java; Python; Snowflake,"Deliver client programs requiring scalable engineering, data, and security talent in DFW delivery centers.",Technology Analyst; Cloud Engineer; Data Analyst; Security Engineer; DevOps Engineer,Texas #1 H-1B employer in cited list H-1B employer signal confidence 5/5 from sample research — validate per role via DOL LCA data; not legal advice.,"https://careers.cognizant.com,https://news.cognizant.com,https://www.cognizant.com/us/en/services/cloud-solutions,https://www.dol.gov/agencies/eta/foreign-labor"
C016,Infosys,IT Services + Consulting,India / Richardson,Richardson / Texas client sites,Infosys (Richardson / Texas client sites): AI-led modernization; cloud-native delivery; industry-specific platforms. DFW presence supports technology hiring in target role families.,Hybrid cloud;DevOps;microservices;data engineering,AI-led modernization; cloud-native delivery; industry-specific platforms,Role location verification; competitive hiring; sponsorship varies by team,Texas #2 H-1B employer in cited list,Tier 1 - attack first,2026-07-04,"IT services and outsourcing revenue from application development, cloud migration, and managed services for enterprise clients.",Digital engineering; cloud; data and AI; enterprise applications; consulting,AI-led modernization; cloud-native delivery; industry-specific platforms,Hybrid cloud; DevOps; microservices; data engineering,ML ops; cloud security posture; automation; analytics at scale,Digital transformation; Cloud and data platforms; Cybersecurity programs,AWS; Azure; Kubernetes; Java; Python; Snowflake,"Deliver client programs requiring scalable engineering, data, and security talent in DFW delivery centers.",Technology Analyst; Cloud Engineer; Data Analyst; Security Engineer; DevOps Engineer,Texas #2 H-1B employer in cited list H-1B employer signal confidence 5/5 from sample research — validate per role via DOL LCA data; not legal advice.,"https://careers.infosys.com,https://www.infosys.com/newsroom.html,https://www.infosys.com/services/cloud-computing.html,https://www.dol.gov/agencies/eta/foreign-labor"
C017,Oracle,Cloud + Enterprise Software,Austin / Texas,Austin / Texas + cloud roles,Oracle (Austin / Texas + cloud roles): Digital transformation; cloud migration; data-driven operations; cybersecurity. DFW presence supports technology hiring in target role families.,Cloud;ERP;analytics;automation;platform engineering,Digital transformation; cloud migration; data-driven operations; cybersecurity,Role location verification; competitive hiring; sponsorship varies by team,Texas top H-1B employer list,Tier 2 - strong sponsor / verify DFW,2026-07-04,"Diversified enterprise revenue with technology enabling operations, customer experience, and product innovation.",Core business lines; shared services; technology; operations,Digital transformation; cloud migration; data-driven operations; cybersecurity,Cloud; ERP; analytics; automation; platform engineering,AI automation; data platforms; cloud security; GRC,Digital transformation; Cloud and data platforms; Cybersecurity programs,AWS; Azure; Python; SQL; SAP; ServiceNow,"Support enterprise platforms, analytics, and security for DFW headquarters and regional operations.",Technology Analyst; Data Analyst; Security Engineer; Cloud Analyst; Platform Engineer,Texas top H-1B employer list H-1B employer signal confidence 5/5 from sample research — validate per role via DOL LCA data; not legal advice.,"https://careers.oracle.com,https://www.oracle.com/news/,https://blogs.oracle.com/,https://www.dol.gov/agencies/eta/foreign-labor"
C018,Tesla,Automotive + AI + Manufacturing,Austin / Texas,Austin / North Texas optional,Tesla (Austin / North Texas optional): Software-defined vehicles; EV platforms; connected mobility; supply chain digitization. DFW presence supports technology hiring in target role families.,Embedded systems;telematics;cloud data platforms;ERP,Software-defined vehicles; EV platforms; connected mobility; supply chain digitization,Role location verification; competitive hiring; sponsorship varies by team,Texas top H-1B employer list,Tier 2 - TX sponsor / DFW uncertain,2026-07-04,Vehicle manufacturing and mobility services revenue with growing software-defined vehicle and connected services segments.,Manufacturing; connected services; finance; supply chain; enterprise IT,Software-defined vehicles; EV platforms; connected mobility; supply chain digitization,Embedded systems; telematics; cloud data platforms; ERP,Vehicle cybersecurity; predictive analytics; cloud security; IoT data,Digital transformation; Cloud and data platforms; Cybersecurity programs,AWS; Azure; SAP; Python; embedded Linux; SIEM,"Build connected vehicle platforms, secure automotive software supply chains, and digitize manufacturing.",Software Engineer; Cybersecurity Analyst; Data Analyst; Cloud Engineer; Business Systems Analyst,Texas top H-1B employer list H-1B employer signal confidence 5/5 from sample research — validate per role via DOL LCA data; not legal advice.,"https://www.tesla.com/careers,https://www.tesla.com/blog,https://www.tesla.com/AI,https://www.dol.gov/agencies/eta/foreign-labor"
C019,Hewlett Packard Enterprise,Enterprise Cloud + Infrastructure,Houston / Plano,Plano / Texas,Hewlett Packard Enterprise (Plano / Texas): Digital transformation; cloud migration; data-driven operations; cybersecurity. DFW presence supports technology hiring in target role families.,Cloud;ERP;analytics;automation;platform engineering,Digital transformation; cloud migration; data-driven operations; cybersecurity,Role location verification; competitive hiring; sponsorship varies by team,Texas top H-1B employer list,Tier 2 - strong sponsor / verify roles,2026-07-04,"Diversified enterprise revenue with technology enabling operations, customer experience, and product innovation.",Core business lines; shared services; technology; operations,Digital transformation; cloud migration; data-driven operations; cybersecurity,Cloud; ERP; analytics; automation; platform engineering,AI automation; data platforms; cloud security; GRC,Digital transformation; Cloud and data platforms; Cybersecurity programs,AWS; Azure; Python; SQL; SAP; ServiceNow,"Support enterprise platforms, analytics, and security for DFW headquarters and regional operations.",Technology Analyst; Data Analyst; Security Engineer; Cloud Analyst; Platform Engineer,Texas top H-1B employer list H-1B employer signal confidence 5/5 from sample research — validate per role via DOL LCA data; not legal advice.,"https://careers.hpe.com,https://www.hpe.com/us/en/newsroom.html,https://www.hpe.com/us/en/solutions/cloud.html,https://www.dol.gov/agencies/eta/foreign-labor"
C020,Dell Technologies / Dell USA / Dell Products,Enterprise Infrastructure,Round Rock / Texas,Round Rock / Texas; DFW ecosystem,Dell Technologies / Dell USA / Dell Products (Round Rock / Texas; DFW ecosystem): Digital transformation; cloud migration; data-driven operations; cybersecurity. DFW presence supports technology hiring in target role families.,Cloud;ERP;analytics;automation;platform engineering,Digital transformation; cloud migration; data-driven operations; cybersecurity,Role location verification; competitive hiring; sponsorship varies by team,Texas top H-1B employer list includes Dell entities and EMC,Tier 2 - strong sponsor / TX,2026-07-04,"Diversified enterprise revenue with technology enabling operations, customer experience, and product innovation.",Core business lines; shared services; technology; operations,Digital transformation; cloud migration; data-driven operations; cybersecurity,Cloud; ERP; analytics; automation; platform engineering,AI automation; data platforms; cloud security; GRC,Digital transformation; Cloud and data platforms; Cybersecurity programs,AWS; Azure; Python; SQL; SAP; ServiceNow,"Support enterprise platforms, analytics, and security for DFW headquarters and regional operations.",Technology Analyst; Data Analyst; Security Engineer; Cloud Analyst; Platform Engineer,Texas top H-1B employer list includes Dell entities and EMC H-1B employer signal confidence 5/5 from sample research — validate per role via DOL LCA data; not legal advice.,"https://jobs.dell.com,https://www.dell.com/en-us/dt/corporate/newsroom.htm,https://www.dell.com/en-us/blog/categories/artificial-intelligence/,https://www.dol.gov/agencies/eta/foreign-labor"
C021,Texas Instruments,Semiconductor + Embedded + Data,Dallas HQ,Dallas / Richardson,Texas Instruments (Dallas / Richardson): Software-defined vehicles; EV platforms; connected mobility; supply chain digitization. DFW presence supports technology hiring in target role families.,Embedded systems;telematics;cloud data platforms;ERP,Software-defined vehicles; EV platforms; connected mobility; supply chain digitization,Role location verification; competitive hiring; sponsorship varies by team,Texas top H-1B employer list; DFW HQ,Tier 1 - attack first,2026-07-04,Vehicle manufacturing and mobility services revenue with growing software-defined vehicle and connected services segments.,Manufacturing; connected services; finance; supply chain; enterprise IT,Software-defined vehicles; EV platforms; connected mobility; supply chain digitization,Embedded systems; telematics; cloud data platforms; ERP,Vehicle cybersecurity; predictive analytics; cloud security; IoT data,Digital transformation; Cloud and data platforms; Cybersecurity programs,AWS; Azure; SAP; Python; embedded Linux; SIEM,"Build connected vehicle platforms, secure automotive software supply chains, and digitize manufacturing.",Software Engineer; Cybersecurity Analyst; Data Analyst; Cloud Engineer; Business Systems Analyst,Texas top H-1B employer list; DFW HQ H-1B employer signal confidence 5/5 from sample research — validate per role via DOL LCA data; not legal advice.,"https://careers.ti.com,https://news.ti.com,https://www.ti.com/about-ti/company/technology.html,https://www.dol.gov/agencies/eta/foreign-labor"
C022,American Airlines,Aviation + Technology,Fort Worth HQ,Fort Worth,American Airlines (Fort Worth): Digital transformation; cloud migration; data-driven operations; cybersecurity. DFW presence supports technology hiring in target role families.,Cloud;ERP;analytics;automation;platform engineering,Digital transformation; cloud migration; data-driven operations; cybersecurity,Role location verification; competitive hiring; sponsorship varies by team,Texas top H-1B employer list; DFW HQ,Tier 1 - attack first,2026-07-04,"Diversified enterprise revenue with technology enabling operations, customer experience, and product innovation.",Core business lines; shared services; technology; operations,Digital transformation; cloud migration; data-driven operations; cybersecurity,Cloud; ERP; analytics; automation; platform engineering,AI automation; data platforms; cloud security; GRC,Digital transformation; Cloud and data platforms; Cybersecurity programs,AWS; Azure; Python; SQL; SAP; ServiceNow,"Support enterprise platforms, analytics, and security for DFW headquarters and regional operations.",Technology Analyst; Data Analyst; Security Engineer; Cloud Analyst; Platform Engineer,Texas top H-1B employer list; DFW HQ H-1B employer signal confidence 5/5 from sample research — validate per role via DOL LCA data; not legal advice.,"https://jobs.aa.com,https://news.aa.com,https://jobs.aa.com/en/teams/technology,https://www.dol.gov/agencies/eta/foreign-labor"
C023,Southwest Airlines,Aviation + Tech Operations,Dallas HQ,Dallas,Southwest Airlines (Dallas): Digital transformation; cloud migration; data-driven operations; cybersecurity. DFW presence supports technology hiring in target role families.,Cloud;ERP;analytics;automation;platform engineering,Digital transformation; cloud migration; data-driven operations; cybersecurity,Role location verification; competitive hiring; sponsorship varies by team,DFW HQ; sponsor evidence should be verified via DOL/USCIS,Tier 1 - attack first,2026-07-04,"Diversified enterprise revenue with technology enabling operations, customer experience, and product innovation.",Core business lines; shared services; technology; operations,Digital transformation; cloud migration; data-driven operations; cybersecurity,Cloud; ERP; analytics; automation; platform engineering,AI automation; data platforms; cloud security; GRC,Digital transformation; Cloud and data platforms; Cybersecurity programs,AWS; Azure; Python; SQL; SAP; ServiceNow,"Support enterprise platforms, analytics, and security for DFW headquarters and regional operations.",Technology Analyst; Data Analyst; Security Engineer; Cloud Analyst; Platform Engineer,DFW HQ; sponsor evidence should be verified via DOL/USCIS H-1B employer signal confidence 3/5 from sample research — validate per role via DOL LCA data; not legal advice.,"https://careers.southwestair.com,https://www.swamedia.com,https://careers.southwestair.com/technology,https://www.dol.gov/agencies/eta/foreign-labor"
C024,McKesson,Healthcare Distribution + Tech,Irving HQ,Irving,McKesson (Irving): Health IT modernization; data interoperability; cybersecurity; AI-assisted research. DFW presence supports technology hiring in target role families.,EHR integration;cloud;data warehouses;identity management,Health IT modernization; data interoperability; cybersecurity; AI-assisted research,Role location verification; competitive hiring; sponsorship varies by team,DFW Fortune/HQ; sponsor verification needed,Tier 1 - attack first,2026-07-04,"Healthcare delivery, distribution, or research revenue with increasing investment in clinical and operational technology.",Clinical operations; research; supply chain; health IT; pharmacy services,Health IT modernization; data interoperability; cybersecurity; AI-assisted research,EHR integration; cloud; data warehouses; identity management,HIPAA-aligned security; clinical analytics; AI governance; IAM,Digital transformation; Cloud and data platforms; Cybersecurity programs,Epic; cloud platforms; Python; SQL; Splunk; ServiceNow,"Secure patient data, automate supply chain, and enable research and clinical analytics.",Health IT Analyst; Data Analyst; Security Engineer; Cloud Engineer; Research Technology,DFW Fortune/HQ; sponsor verification needed H-1B employer signal confidence 4/5 from sample research — validate per role via DOL LCA data; not legal advice.,"https://careers.mckesson.com,https://www.mckesson.com/about-us/newsroom/,https://www.mckesson.com/about-mckesson/our-businesses/technology/,https://www.dol.gov/agencies/eta/foreign-labor"
C025,CBRE,Real Estate + Data/Tech,Dallas HQ,Dallas,CBRE (Dallas): Digital transformation; cloud migration; data-driven operations; cybersecurity. DFW presence supports technology hiring in target role families.,Cloud;ERP;analytics;automation;platform engineering,Digital transformation; cloud migration; data-driven operations; cybersecurity,Role location verification; competitive hiring; sponsorship varies by team,DFW Fortune/HQ; DOL/USCIS validation needed,Tier 2 - DFW HQ / verify sponsorship,2026-07-04,"Diversified enterprise revenue with technology enabling operations, customer experience, and product innovation.",Core business lines; shared services; technology; operations,Digital transformation; cloud migration; data-driven operations; cybersecurity,Cloud; ERP; analytics; automation; platform engineering,AI automation; data platforms; cloud security; GRC,Digital transformation; Cloud and data platforms; Cybersecurity programs,AWS; Azure; Python; SQL; SAP; ServiceNow,"Support enterprise platforms, analytics, and security for DFW headquarters and regional operations.",Technology Analyst; Data Analyst; Security Engineer; Cloud Analyst; Platform Engineer,DFW Fortune/HQ; DOL/USCIS validation needed H-1B employer signal confidence 3/5 from sample research — validate per role via DOL LCA data; not legal advice.,"https://careers.cbre.com,https://www.cbre.com/press-releases,https://www.cbre.com/technology,https://www.dol.gov/agencies/eta/foreign-labor"
C026,Lockheed Martin,Aerospace + Defense,Fort Worth / DFW,Fort Worth / Grand Prairie,Lockheed Martin (Fort Worth / Grand Prairie): Digital engineering; cyber resilience; software-defined systems; supply chain security. DFW presence supports technology hiring in target role families.,Secure development;cloud for unclassified workloads;data analytics;DevSecOps,Digital engineering; cyber resilience; software-defined systems; supply chain security,Role location verification; competitive hiring; sponsorship varies by team; clearance/citizenship constraints,DFW defense employer; sponsorship may be restricted by clearance/export control,Tier 2 - strong DFW / sponsorship constraints,2026-07-04,"Defense and aerospace contract revenue from platforms, systems integration, and classified programs.",Aeronautics; missiles and fire control; space; cyber; enterprise IT,Digital engineering; cyber resilience; software-defined systems; supply chain security,Secure development; cloud for unclassified workloads; data analytics; DevSecOps,Zero trust; classified network security; AI for maintenance; IAM,Digital transformation; Cloud and data platforms; Cybersecurity programs,Secure cloud; Python; Splunk; CMMC-aligned tooling,Engineer secure systems for defense programs; many roles require US citizenship/clearance.,Software Engineer; Cybersecurity Analyst; Systems Engineer; Cloud Security Analyst; Data Engineer,DFW defense employer; sponsorship may be restricted by clearance/export control H-1B employer signal confidence 2/5 from sample research — validate per role via DOL LCA data; not legal advice.,"https://www.lockheedmartinjobs.com,https://news.lockheedmartin.com,https://www.lockheedmartin.com/en-us/capabilities/cyber.html,https://www.dol.gov/agencies/eta/foreign-labor"
C027,Raytheon / RTX,Defense + Aerospace Tech,McKinney / DFW,McKinney / Richardson,Raytheon / RTX (McKinney / Richardson): Digital engineering; cyber resilience; software-defined systems; supply chain security. DFW presence supports technology hiring in target role families.,Secure development;cloud for unclassified workloads;data analytics;DevSecOps,Digital engineering; cyber resilience; software-defined systems; supply chain security,Role location verification; competitive hiring; sponsorship varies by team; clearance/citizenship constraints,DFW defense presence; sponsorship may be restricted,Tier 2 - strong DFW / sponsorship constraints,2026-07-04,"Defense and aerospace contract revenue from platforms, systems integration, and classified programs.",Aeronautics; missiles and fire control; space; cyber; enterprise IT,Digital engineering; cyber resilience; software-defined systems; supply chain security,Secure development; cloud for unclassified workloads; data analytics; DevSecOps,Zero trust; classified network security; AI for maintenance; IAM,Digital transformation; Cloud and data platforms; Cybersecurity programs,Secure cloud; Python; Splunk; CMMC-aligned tooling,Engineer secure systems for defense programs; many roles require US citizenship/clearance.,Software Engineer; Cybersecurity Analyst; Systems Engineer; Cloud Security Analyst; Data Engineer,DFW defense presence; sponsorship may be restricted H-1B employer signal confidence 2/5 from sample research — validate per role via DOL LCA data; not legal advice.,"https://careers.rtx.com,https://www.rtx.com/news,https://www.rtx.com/who-we-are/technology-and-innovation,https://www.dol.gov/agencies/eta/foreign-labor"
C028,BNSF Railway,Transportation + Tech Operations,Fort Worth HQ,Fort Worth,BNSF Railway (Fort Worth): Digital transformation; cloud migration; data-driven operations; cybersecurity. DFW presence supports technology hiring in target role families.,Cloud;ERP;analytics;automation;platform engineering,Digital transformation; cloud migration; data-driven operations; cybersecurity,Role location verification; competitive hiring; sponsorship varies by team,DFW HQ; DOL/USCIS validation needed,Tier 2 - DFW HQ / verify sponsorship,2026-07-04,"Diversified enterprise revenue with technology enabling operations, customer experience, and product innovation.",Core business lines; shared services; technology; operations,Digital transformation; cloud migration; data-driven operations; cybersecurity,Cloud; ERP; analytics; automation; platform engineering,AI automation; data platforms; cloud security; GRC,Digital transformation; Cloud and data platforms; Cybersecurity programs,AWS; Azure; Python; SQL; SAP; ServiceNow,"Support enterprise platforms, analytics, and security for DFW headquarters and regional operations.",Technology Analyst; Data Analyst; Security Engineer; Cloud Analyst; Platform Engineer,DFW HQ; DOL/USCIS validation needed H-1B employer signal confidence 3/5 from sample research — validate per role via DOL LCA data; not legal advice.,"https://jobs.bnsf.com,https://www.bnsf.com/news-media/,https://www.bnsf.com/about-bnsf/technology/,https://www.dol.gov/agencies/eta/foreign-labor"
C029,GM Financial,FinTech + Auto Finance,Fort Worth HQ,Fort Worth,GM Financial (Fort Worth): Digital banking; AI productivity; platform modernization; risk and compliance automation. DFW presence supports technology hiring in target role families.,Cloud migration;microservices;data platforms;API banking;DevSecOps,Digital banking; AI productivity; platform modernization; risk and compliance automation,Role location verification; competitive hiring; sponsorship varies by team,DFW HQ; sponsor verification needed,Tier 2 - DFW HQ / verify sponsorship,2026-07-04,"Regulated financial services revenue from lending, payments, trading, and wealth management with technology as core delivery channel.",Consumer banking; commercial banking; markets; wealth/asset management; corporate technology,Digital banking; AI productivity; platform modernization; risk and compliance automation,Cloud migration; microservices; data platforms; API banking; DevSecOps,Responsible AI; fraud analytics; IAM; SIEM; model risk governance,Digital transformation; Cloud and data platforms; Cybersecurity programs,AWS/Azure; Kubernetes; Python; SQL; Splunk; ServiceNow,"Scale regulated digital products, automate operations, and maintain security controls across global platforms.",Technology Analyst; Software Engineer; Cloud Security; Data Engineer; AI/ML Engineer,DFW HQ; sponsor verification needed H-1B employer signal confidence 3/5 from sample research — validate per role via DOL LCA data; not legal advice.,"https://careers.gmfinancial.com,https://news.gmfinancial.com,https://www.gmfinancial.com/en-us/company/about-us/technology.html,https://www.dol.gov/agencies/eta/foreign-labor"
C030,Sabre,Travel Tech,Southlake HQ,Southlake,Sabre (Southlake): Digital transformation; cloud migration; data-driven operations; cybersecurity. DFW presence supports technology hiring in target role families.,Cloud;ERP;analytics;automation;platform engineering,Digital transformation; cloud migration; data-driven operations; cybersecurity,Role location verification; competitive hiring; sponsorship varies by team,DFW technology company; sponsor verification needed,Tier 2 - DFW tech / verify sponsorship,2026-07-04,"Diversified enterprise revenue with technology enabling operations, customer experience, and product innovation.",Core business lines; shared services; technology; operations,Digital transformation; cloud migration; data-driven operations; cybersecurity,Cloud; ERP; analytics; automation; platform engineering,AI automation; data platforms; cloud security; GRC,Digital transformation; Cloud and data platforms; Cybersecurity programs,AWS; Azure; Python; SQL; SAP; ServiceNow,"Support enterprise platforms, analytics, and security for DFW headquarters and regional operations.",Technology Analyst; Data Analyst; Security Engineer; Cloud Analyst; Platform Engineer,DFW technology company; sponsor verification needed H-1B employer signal confidence 3/5 from sample research — validate per role via DOL LCA data; not legal advice.,"https://www.sabre.com/about/careers/,https://investors.sabre.com/news-releases,https://www.sabre.com/insights/,https://www.dol.gov/agencies/eta/foreign-labor"
C031,Alkami Technology,FinTech SaaS,Plano HQ,Plano,Alkami Technology (Plano): Digital banking; AI productivity; platform modernization; risk and compliance automation. DFW presence supports technology hiring in target role families.,Cloud migration;microservices;data platforms;API banking;DevSecOps,Digital banking; AI productivity; platform modernization; risk and compliance automation,Role location verification; competitive hiring; sponsorship varies by team,Plano fintech; sponsor verification needed,Tier 2 - DFW tech / verify sponsorship,2026-07-04,"Regulated financial services revenue from lending, payments, trading, and wealth management with technology as core delivery channel.",Consumer banking; commercial banking; markets; wealth/asset management; corporate technology,Digital banking; AI productivity; platform modernization; risk and compliance automation,Cloud migration; microservices; data platforms; API banking; DevSecOps,Responsible AI; fraud analytics; IAM; SIEM; model risk governance,Digital transformation; Cloud and data platforms; Cybersecurity programs,AWS/Azure; Kubernetes; Python; SQL; Splunk; ServiceNow,"Scale regulated digital products, automate operations, and maintain security controls across global platforms.",Technology Analyst; Software Engineer; Cloud Security; Data Engineer; AI/ML Engineer,Plano fintech; sponsor verification needed H-1B employer signal confidence 3/5 from sample research — validate per role via DOL LCA data; not legal advice.,"https://www.alkami.com/careers/,https://www.alkami.com/news/,https://www.alkami.com/platform/,https://www.dol.gov/agencies/eta/foreign-labor"
C032,Tyler Technologies,GovTech SaaS,Plano HQ,Plano,Tyler Technologies (Plano): Digital transformation; cloud migration; data-driven operations; cybersecurity. DFW presence supports technology hiring in target role families.,Cloud;ERP;analytics;automation;platform engineering,Digital transformation; cloud migration; data-driven operations; cybersecurity,Role location verification; competitive hiring; sponsorship varies by team,Plano HQ; sponsor verification needed,Tier 2 - DFW tech / verify sponsorship,2026-07-04,"Diversified enterprise revenue with technology enabling operations, customer experience, and product innovation.",Core business lines; shared services; technology; operations,Digital transformation; cloud migration; data-driven operations; cybersecurity,Cloud; ERP; analytics; automation; platform engineering,AI automation; data platforms; cloud security; GRC,Digital transformation; Cloud and data platforms; Cybersecurity programs,AWS; Azure; Python; SQL; SAP; ServiceNow,"Support enterprise platforms, analytics, and security for DFW headquarters and regional operations.",Technology Analyst; Data Analyst; Security Engineer; Cloud Analyst; Platform Engineer,Plano HQ; sponsor verification needed H-1B employer signal confidence 3/5 from sample research — validate per role via DOL LCA data; not legal advice.,"https://www.tylertech.com/careers,https://www.tylertech.com/news,https://www.tylertech.com/solutions,https://www.dol.gov/agencies/eta/foreign-labor"
C033,State Farm,Insurance + Enterprise Tech,Bloomington / Richardson,Richardson,State Farm (Richardson): Digital transformation; cloud migration; data-driven operations; cybersecurity. DFW presence supports technology hiring in target role families.,Cloud;ERP;analytics;automation;platform engineering,Digital transformation; cloud migration; data-driven operations; cybersecurity,Role location verification; competitive hiring; sponsorship varies by team,Large Richardson presence; sponsor verification needed,Tier 2 - DFW hub / verify sponsorship,2026-07-04,"Diversified enterprise revenue with technology enabling operations, customer experience, and product innovation.",Core business lines; shared services; technology; operations,Digital transformation; cloud migration; data-driven operations; cybersecurity,Cloud; ERP; analytics; automation; platform engineering,AI automation; data platforms; cloud security; GRC,Digital transformation; Cloud and data platforms; Cybersecurity programs,AWS; Azure; Python; SQL; SAP; ServiceNow,"Support enterprise platforms, analytics, and security for DFW headquarters and regional operations.",Technology Analyst; Data Analyst; Security Engineer; Cloud Analyst; Platform Engineer,Large Richardson presence; sponsor verification needed H-1B employer signal confidence 3/5 from sample research — validate per role via DOL LCA data; not legal advice.,"https://jobs.statefarm.com,https://newsroom.statefarm.com,https://www.statefarm.com/careers/technology,https://www.dol.gov/agencies/eta/foreign-labor"
C034,Liberty Mutual,Insurance + Tech,Boston / Plano,Plano,Liberty Mutual (Plano): Digital transformation; cloud migration; data-driven operations; cybersecurity. DFW presence supports technology hiring in target role families.,Cloud;ERP;analytics;automation;platform engineering,Digital transformation; cloud migration; data-driven operations; cybersecurity,Role location verification; competitive hiring; sponsorship varies by team,Plano top employer; sponsor verification needed,Tier 2 - DFW hub / verify sponsorship,2026-07-04,"Diversified enterprise revenue with technology enabling operations, customer experience, and product innovation.",Core business lines; shared services; technology; operations,Digital transformation; cloud migration; data-driven operations; cybersecurity,Cloud; ERP; analytics; automation; platform engineering,AI automation; data platforms; cloud security; GRC,Digital transformation; Cloud and data platforms; Cybersecurity programs,AWS; Azure; Python; SQL; SAP; ServiceNow,"Support enterprise platforms, analytics, and security for DFW headquarters and regional operations.",Technology Analyst; Data Analyst; Security Engineer; Cloud Analyst; Platform Engineer,Plano top employer; sponsor verification needed H-1B employer signal confidence 3/5 from sample research — validate per role via DOL LCA data; not legal advice.,"https://jobs.libertymutual.com,https://newsroom.libertymutual.com,https://jobs.libertymutual.com/technology,https://www.dol.gov/agencies/eta/foreign-labor"
C035,PepsiCo / Frito-Lay,Consumer Goods + Supply Chain Tech,Purchase / Plano,Plano,PepsiCo / Frito-Lay (Plano): Digital transformation; cloud migration; data-driven operations; cybersecurity. DFW presence supports technology hiring in target role families.,Cloud;ERP;analytics;automation;platform engineering,Digital transformation; cloud migration; data-driven operations; cybersecurity,Role location verification; competitive hiring; sponsorship varies by team,Plano top employer; sponsor verification needed,Tier 2 - DFW hub / verify sponsorship,2026-07-04,"Diversified enterprise revenue with technology enabling operations, customer experience, and product innovation.",Core business lines; shared services; technology; operations,Digital transformation; cloud migration; data-driven operations; cybersecurity,Cloud; ERP; analytics; automation; platform engineering,AI automation; data platforms; cloud security; GRC,Digital transformation; Cloud and data platforms; Cybersecurity programs,AWS; Azure; Python; SQL; SAP; ServiceNow,"Support enterprise platforms, analytics, and security for DFW headquarters and regional operations.",Technology Analyst; Data Analyst; Security Engineer; Cloud Analyst; Platform Engineer,Plano top employer; sponsor verification needed H-1B employer signal confidence 3/5 from sample research — validate per role via DOL LCA data; not legal advice.,"https://www.pepsicojobs.com,https://www.pepsico.com/news,https://www.pepsico.com/our-stories/technology,https://www.dol.gov/agencies/eta/foreign-labor"
C036,Wells Fargo,Finance + Risk + Technology,San Francisco / DFW,Irving / Dallas,Wells Fargo (Irving / Dallas): Digital banking; AI productivity; platform modernization; risk and compliance automation. DFW presence supports technology hiring in target role families.,Cloud migration;microservices;data platforms;API banking;DevSecOps,Digital banking; AI productivity; platform modernization; risk and compliance automation,Role location verification; competitive hiring; sponsorship varies by team,Sponsor history likely via DOL; DFW presence; validate current roles,Tier 2 - strong finance / verify DFW,2026-07-04,"Regulated financial services revenue from lending, payments, trading, and wealth management with technology as core delivery channel.",Consumer banking; commercial banking; markets; wealth/asset management; corporate technology,Digital banking; AI productivity; platform modernization; risk and compliance automation,Cloud migration; microservices; data platforms; API banking; DevSecOps,Responsible AI; fraud analytics; IAM; SIEM; model risk governance,Digital transformation; Cloud and data platforms; Cybersecurity programs,AWS/Azure; Kubernetes; Python; SQL; Splunk; ServiceNow,"Scale regulated digital products, automate operations, and maintain security controls across global platforms.",Technology Analyst; Software Engineer; Cloud Security; Data Engineer; AI/ML Engineer,Sponsor history likely via DOL; DFW presence; validate current roles H-1B employer signal confidence 4/5 from sample research — validate per role via DOL LCA data; not legal advice.,"https://www.wellsfargojobs.com,https://newsroom.wf.com,https://www.wellsfargo.com/about/careers/technology/,https://www.dol.gov/agencies/eta/foreign-labor"
C037,Morgan Stanley,Finance + Technology,New York / Dallas,Dallas,Morgan Stanley (Dallas): Digital banking; AI productivity; platform modernization; risk and compliance automation. DFW presence supports technology hiring in target role families.,Cloud migration;microservices;data platforms;API banking;DevSecOps,Digital banking; AI productivity; platform modernization; risk and compliance automation,Role location verification; competitive hiring; sponsorship varies by team,Dallas expansion news; sponsor validation needed,Tier 2 - future expansion / verify roles,2026-07-04,"Regulated financial services revenue from lending, payments, trading, and wealth management with technology as core delivery channel.",Consumer banking; commercial banking; markets; wealth/asset management; corporate technology,Digital banking; AI productivity; platform modernization; risk and compliance automation,Cloud migration; microservices; data platforms; API banking; DevSecOps,Responsible AI; fraud analytics; IAM; SIEM; model risk governance,Digital transformation; Cloud and data platforms; Cybersecurity programs,AWS/Azure; Kubernetes; Python; SQL; Splunk; ServiceNow,"Scale regulated digital products, automate operations, and maintain security controls across global platforms.",Technology Analyst; Software Engineer; Cloud Security; Data Engineer; AI/ML Engineer,Dallas expansion news; sponsor validation needed H-1B employer signal confidence 4/5 from sample research — validate per role via DOL LCA data; not legal advice.,"https://www.morganstanley.com/careers,https://www.morganstanley.com/press-releases,https://www.morganstanley.com/what-we-do/technology,https://www.dol.gov/agencies/eta/foreign-labor"
C038,Nasdaq,Exchange + FinTech,New York / Dallas,Dallas,Nasdaq (Dallas): Digital banking; AI productivity; platform modernization; risk and compliance automation. DFW presence supports technology hiring in target role families.,Cloud migration;microservices;data platforms;API banking;DevSecOps,Digital banking; AI productivity; platform modernization; risk and compliance automation,Role location verification; competitive hiring; sponsorship varies by team,Dallas regional HQ signal; sponsor validation needed,Tier 2 - emerging DFW / verify sponsorship,2026-07-04,"Regulated financial services revenue from lending, payments, trading, and wealth management with technology as core delivery channel.",Consumer banking; commercial banking; markets; wealth/asset management; corporate technology,Digital banking; AI productivity; platform modernization; risk and compliance automation,Cloud migration; microservices; data platforms; API banking; DevSecOps,Responsible AI; fraud analytics; IAM; SIEM; model risk governance,Digital transformation; Cloud and data platforms; Cybersecurity programs,AWS/Azure; Kubernetes; Python; SQL; Splunk; ServiceNow,"Scale regulated digital products, automate operations, and maintain security controls across global platforms.",Technology Analyst; Software Engineer; Cloud Security; Data Engineer; AI/ML Engineer,Dallas regional HQ signal; sponsor validation needed H-1B employer signal confidence 3/5 from sample research — validate per role via DOL LCA data; not legal advice.,"https://www.nasdaq.com/about/careers,https://www.nasdaq.com/newsroom,https://www.nasdaq.com/solutions/data,https://www.dol.gov/agencies/eta/foreign-labor"
C039,NYSE Texas / Intercontinental Exchange,Exchange + Capital Markets Tech,Atlanta / Dallas,Dallas,NYSE Texas / Intercontinental Exchange (Dallas): Digital banking; AI productivity; platform modernization; risk and compliance automation. DFW presence supports technology hiring in target role families.,Cloud migration;microservices;data platforms;API banking;DevSecOps,Digital banking; AI productivity; platform modernization; risk and compliance automation,Role location verification; competitive hiring; sponsorship varies by team,NYSE Texas opened/leased Dallas presence; sponsor validation needed,Tier 2 - emerging DFW / verify sponsorship,2026-07-04,"Regulated financial services revenue from lending, payments, trading, and wealth management with technology as core delivery channel.",Consumer banking; commercial banking; markets; wealth/asset management; corporate technology,Digital banking; AI productivity; platform modernization; risk and compliance automation,Cloud migration; microservices; data platforms; API banking; DevSecOps,Responsible AI; fraud analytics; IAM; SIEM; model risk governance,Digital transformation; Cloud and data platforms; Cybersecurity programs,AWS/Azure; Kubernetes; Python; SQL; Splunk; ServiceNow,"Scale regulated digital products, automate operations, and maintain security controls across global platforms.",Technology Analyst; Software Engineer; Cloud Security; Data Engineer; AI/ML Engineer,NYSE Texas opened/leased Dallas presence; sponsor validation needed H-1B employer signal confidence 3/5 from sample research — validate per role via DOL LCA data; not legal advice.,"https://careers.ice.com,https://ir.theice.com/press/news-releases,https://www.ice.com/fixed-income-data-services,https://www.dol.gov/agencies/eta/foreign-labor"
C040,Siemens Industry Software,Industrial Software,Munich / Plano,Plano / Texas,Siemens Industry Software (Plano / Texas): Digital transformation; cloud migration; data-driven operations; cybersecurity. DFW presence supports technology hiring in target role families.,Cloud;ERP;analytics;automation;platform engineering,Digital transformation; cloud migration; data-driven operations; cybersecurity,Role location verification; competitive hiring; sponsorship varies by team,Texas top H-1B employer list,Tier 2 - sponsor / tech fit,2026-07-04,"Diversified enterprise revenue with technology enabling operations, customer experience, and product innovation.",Core business lines; shared services; technology; operations,Digital transformation; cloud migration; data-driven operations; cybersecurity,Cloud; ERP; analytics; automation; platform engineering,AI automation; data platforms; cloud security; GRC,Digital transformation; Cloud and data platforms; Cybersecurity programs,AWS; Azure; Python; SQL; SAP; ServiceNow,"Support enterprise platforms, analytics, and security for DFW headquarters and regional operations.",Technology Analyst; Data Analyst; Security Engineer; Cloud Analyst; Platform Engineer,Texas top H-1B employer list H-1B employer signal confidence 5/5 from sample research — validate per role via DOL LCA data; not legal advice.,"https://jobs.siemens.com,https://press.siemens.com/global/en,https://www.sw.siemens.com/en-US/,https://www.dol.gov/agencies/eta/foreign-labor"
C041,NXP USA,Semiconductor + Embedded Systems,Netherlands / Dallas,Dallas / Austin,NXP USA (Dallas / Austin): Software-defined vehicles; EV platforms; connected mobility; supply chain digitization. DFW presence supports technology hiring in target role families.,Embedded systems;telematics;cloud data platforms;ERP,Software-defined vehicles; EV platforms; connected mobility; supply chain digitization,Role location verification; competitive hiring; sponsorship varies by team,Texas top H-1B employer list,Tier 2 - sponsor / tech fit,2026-07-04,Vehicle manufacturing and mobility services revenue with growing software-defined vehicle and connected services segments.,Manufacturing; connected services; finance; supply chain; enterprise IT,Software-defined vehicles; EV platforms; connected mobility; supply chain digitization,Embedded systems; telematics; cloud data platforms; ERP,Vehicle cybersecurity; predictive analytics; cloud security; IoT data,Digital transformation; Cloud and data platforms; Cybersecurity programs,AWS; Azure; SAP; Python; embedded Linux; SIEM,"Build connected vehicle platforms, secure automotive software supply chains, and digitize manufacturing.",Software Engineer; Cybersecurity Analyst; Data Analyst; Cloud Engineer; Business Systems Analyst,Texas top H-1B employer list H-1B employer signal confidence 5/5 from sample research — validate per role via DOL LCA data; not legal advice.,"https://www.nxp.com/company/about-nxp/careers:CAREERS,https://media.nxp.com/news-releases,https://www.nxp.com/design/design-center/software:MCUXpresso-Software,https://www.dol.gov/agencies/eta/foreign-labor"
C042,Indeed,HR Tech + Data,Austin / Texas,Austin / Texas / Remote,Indeed (Austin / Texas / Remote): Digital transformation; cloud migration; data-driven operations; cybersecurity. DFW presence supports technology hiring in target role families.,Cloud;ERP;analytics;automation;platform engineering,Digital transformation; cloud migration; data-driven operations; cybersecurity,Role location verification; competitive hiring; sponsorship varies by team,Texas top H-1B employer list,Tier 2 - sponsor / TX,2026-07-04,"Diversified enterprise revenue with technology enabling operations, customer experience, and product innovation.",Core business lines; shared services; technology; operations,Digital transformation; cloud migration; data-driven operations; cybersecurity,Cloud; ERP; analytics; automation; platform engineering,AI automation; data platforms; cloud security; GRC,Digital transformation; Cloud and data platforms; Cybersecurity programs,AWS; Azure; Python; SQL; SAP; ServiceNow,"Support enterprise platforms, analytics, and security for DFW headquarters and regional operations.",Technology Analyst; Data Analyst; Security Engineer; Cloud Analyst; Platform Engineer,Texas top H-1B employer list H-1B employer signal confidence 5/5 from sample research — validate per role via DOL LCA data; not legal advice.,"https://www.indeed.com/careers,https://www.indeed.com/news,https://engineering.indeed.com,https://www.dol.gov/agencies/eta/foreign-labor"
C043,UT Southwestern Medical Center,Healthcare + Research Tech,Dallas,Dallas,UT Southwestern Medical Center (Dallas): Health IT modernization; data interoperability; cybersecurity; AI-assisted research. DFW presence supports technology hiring in target role families.,EHR integration;cloud;data warehouses;identity management,Health IT modernization; data interoperability; cybersecurity; AI-assisted research,Role location verification; competitive hiring; sponsorship varies by team,Texas top H-1B employer list; Dallas institution,Tier 2 - sponsor / local,2026-07-04,"Healthcare delivery, distribution, or research revenue with increasing investment in clinical and operational technology.",Clinical operations; research; supply chain; health IT; pharmacy services,Health IT modernization; data interoperability; cybersecurity; AI-assisted research,EHR integration; cloud; data warehouses; identity management,HIPAA-aligned security; clinical analytics; AI governance; IAM,Digital transformation; Cloud and data platforms; Cybersecurity programs,Epic; cloud platforms; Python; SQL; Splunk; ServiceNow,"Secure patient data, automate supply chain, and enable research and clinical analytics.",Health IT Analyst; Data Analyst; Security Engineer; Cloud Engineer; Research Technology,Texas top H-1B employer list; Dallas institution H-1B employer signal confidence 5/5 from sample research — validate per role via DOL LCA data; not legal advice.,"https://jobs.utsouthwestern.edu,https://www.utsouthwestern.edu/newsroom/,https://www.utsouthwestern.edu/departments/information-resources/,https://www.dol.gov/agencies/eta/foreign-labor"
C044,Dallas Independent School District,Education + IT,Dallas,Dallas,Dallas Independent School District (Dallas): Health IT modernization; data interoperability; cybersecurity; AI-assisted research. DFW presence supports technology hiring in target role families.,EHR integration;cloud;data warehouses;identity management,Health IT modernization; data interoperability; cybersecurity; AI-assisted research,Role location verification; competitive hiring; sponsorship varies by team,Texas top H-1B employer list; Dallas local,Tier 3 - local / sponsor signal,2026-07-04,"Healthcare delivery, distribution, or research revenue with increasing investment in clinical and operational technology.",Clinical operations; research; supply chain; health IT; pharmacy services,Health IT modernization; data interoperability; cybersecurity; AI-assisted research,EHR integration; cloud; data warehouses; identity management,HIPAA-aligned security; clinical analytics; AI governance; IAM,Digital transformation; Cloud and data platforms; Cybersecurity programs,Epic; cloud platforms; Python; SQL; Splunk; ServiceNow,"Secure patient data, automate supply chain, and enable research and clinical analytics.",Health IT Analyst; Data Analyst; Security Engineer; Cloud Engineer; Research Technology,Texas top H-1B employer list; Dallas local H-1B employer signal confidence 4/5 from sample research — validate per role via DOL LCA data; not legal advice.,"https://www.dallasisd.org/careers,https://www.dallasisd.org/news,https://www.dallasisd.org/departments/technology,https://www.dol.gov/agencies/eta/foreign-labor"
C045,Baylor College of Medicine / Baylor Scott & White ecosystem,Healthcare + Research Tech,Houston / Dallas,Dallas / Texas,Baylor College of Medicine / Baylor Scott & White ecosystem (Dallas / Texas): Health IT modernization; data interoperability; cybersecurity; AI-assisted research. DFW presence supports technology hiring in target role families.,EHR integration;cloud;data warehouses;identity management,Health IT modernization; data interoperability; cybersecurity; AI-assisted research,Role location verification; competitive hiring; sponsorship varies by team,Texas top H-1B employer list for Baylor College of Medicine; DFW healthcare ecosystem,Tier 2 - sponsor / healthcare,2026-07-04,"Healthcare delivery, distribution, or research revenue with increasing investment in clinical and operational technology.",Clinical operations; research; supply chain; health IT; pharmacy services,Health IT modernization; data interoperability; cybersecurity; AI-assisted research,EHR integration; cloud; data warehouses; identity management,HIPAA-aligned security; clinical analytics; AI governance; IAM,Digital transformation; Cloud and data platforms; Cybersecurity programs,Epic; cloud platforms; Python; SQL; Splunk; ServiceNow,"Secure patient data, automate supply chain, and enable research and clinical analytics.",Health IT Analyst; Data Analyst; Security Engineer; Cloud Engineer; Research Technology,Texas top H-1B employer list for Baylor College of Medicine; DFW healthcare ecosystem H-1B employer signal confidence 4/5 from sample research — validate per role via DOL LCA data; not legal advice.,"https://jobs.bcm.edu,https://www.bcm.edu/news,https://www.bcm.edu/departments/medicine/informatics,https://www.dol.gov/agencies/eta/foreign-labor"
C046,Fluor Corporation,Engineering + Construction Tech,Irving HQ,Irving,Fluor Corporation (Irving): Digital transformation; cloud migration; data-driven operations; cybersecurity. DFW presence supports technology hiring in target role families.,Cloud;ERP;analytics;automation;platform engineering,Digital transformation; cloud migration; data-driven operations; cybersecurity,Role location verification; competitive hiring; sponsorship varies by team,DFW Fortune/HQ; sponsor validation needed,Tier 2 - DFW HQ / verify sponsorship,2026-07-04,"Diversified enterprise revenue with technology enabling operations, customer experience, and product innovation.",Core business lines; shared services; technology; operations,Digital transformation; cloud migration; data-driven operations; cybersecurity,Cloud; ERP; analytics; automation; platform engineering,AI automation; data platforms; cloud security; GRC,Digital transformation; Cloud and data platforms; Cybersecurity programs,AWS; Azure; Python; SQL; SAP; ServiceNow,"Support enterprise platforms, analytics, and security for DFW headquarters and regional operations.",Technology Analyst; Data Analyst; Security Engineer; Cloud Analyst; Platform Engineer,DFW Fortune/HQ; sponsor validation needed H-1B employer signal confidence 3/5 from sample research — validate per role via DOL LCA data; not legal advice.,"https://careers.fluor.com,https://investor.fluor.com/news/news-releases,https://www.fluor.com/solutions/digital-solutions,https://www.dol.gov/agencies/eta/foreign-labor"
C047,Jacobs Solutions,Engineering + Tech Consulting,Dallas HQ,Dallas,Jacobs Solutions (Dallas): Client digital transformation; cloud migration; cyber resilience; AI advisory. DFW presence supports technology hiring in target role families.,Cloud platforms;ERP modernization;data analytics;agile delivery,Client digital transformation; cloud migration; cyber resilience; AI advisory,Role location verification; competitive hiring; sponsorship varies by team,DFW Fortune/HQ; sponsor validation needed,Tier 2 - DFW HQ / verify sponsorship,2026-07-04,"Professional services revenue from client engagements across strategy, technology implementation, audit, and risk advisory.",Consulting; advisory; audit; tax; technology delivery practices,Client digital transformation; cloud migration; cyber resilience; AI advisory,Cloud platforms; ERP modernization; data analytics; agile delivery,GenAI governance; cloud security; data mesh; identity management,Digital transformation; Cloud and data platforms; Cybersecurity programs,AWS; Azure; GCP; Salesforce; SAP; Python; Power BI,Staff client-facing delivery teams for enterprise transformation and managed security programs.,Technology Consultant; Cloud Analyst; Cybersecurity Analyst; Data Analyst; Platform Engineer,DFW Fortune/HQ; sponsor validation needed H-1B employer signal confidence 3/5 from sample research — validate per role via DOL LCA data; not legal advice.,"https://careers.jacobs.com,https://www.jacobs.com/newsroom,https://www.jacobs.com/solutions/digital,https://www.dol.gov/agencies/eta/foreign-labor"
C048,Kimberly-Clark,Consumer Goods + Enterprise Tech,Irving HQ,Irving,Kimberly-Clark (Irving): Digital transformation; cloud migration; data-driven operations; cybersecurity. DFW presence supports technology hiring in target role families.,Cloud;ERP;analytics;automation;platform engineering,Digital transformation; cloud migration; data-driven operations; cybersecurity,Role location verification; competitive hiring; sponsorship varies by team,DFW Fortune/HQ; sponsor validation needed,Tier 2 - DFW HQ / verify sponsorship,2026-07-04,"Diversified enterprise revenue with technology enabling operations, customer experience, and product innovation.",Core business lines; shared services; technology; operations,Digital transformation; cloud migration; data-driven operations; cybersecurity,Cloud; ERP; analytics; automation; platform engineering,AI automation; data platforms; cloud security; GRC,Digital transformation; Cloud and data platforms; Cybersecurity programs,AWS; Azure; Python; SQL; SAP; ServiceNow,"Support enterprise platforms, analytics, and security for DFW headquarters and regional operations.",Technology Analyst; Data Analyst; Security Engineer; Cloud Analyst; Platform Engineer,DFW Fortune/HQ; sponsor validation needed H-1B employer signal confidence 3/5 from sample research — validate per role via DOL LCA data; not legal advice.,"https://careers.kimberly-clark.com,https://www.kimberly-clark.com/en-us/news,https://www.kimberly-clark.com/en-us/who-we-are/our-company/innovation,https://www.dol.gov/agencies/eta/foreign-labor"
C049,Celanese,Chemicals + Data/IT,Irving HQ,Irving,Celanese (Irving): Digital transformation; cloud migration; data-driven operations; cybersecurity. DFW presence supports technology hiring in target role families.,Cloud;ERP;analytics;automation;platform engineering,Digital transformation; cloud migration; data-driven operations; cybersecurity,Role location verification; competitive hiring; sponsorship varies by team,DFW Fortune/HQ; sponsor validation needed,Tier 3 - DFW HQ / verify sponsorship,2026-07-04,"Diversified enterprise revenue with technology enabling operations, customer experience, and product innovation.",Core business lines; shared services; technology; operations,Digital transformation; cloud migration; data-driven operations; cybersecurity,Cloud; ERP; analytics; automation; platform engineering,AI automation; data platforms; cloud security; GRC,Digital transformation; Cloud and data platforms; Cybersecurity programs,AWS; Azure; Python; SQL; SAP; ServiceNow,"Support enterprise platforms, analytics, and security for DFW headquarters and regional operations.",Technology Analyst; Data Analyst; Security Engineer; Cloud Analyst; Platform Engineer,DFW Fortune/HQ; sponsor validation needed H-1B employer signal confidence 3/5 from sample research — validate per role via DOL LCA data; not legal advice.,"https://careers.celanese.com,https://investors.celanese.com/news-events/news-releases,https://www.celanese.com/company/innovation,https://www.dol.gov/agencies/eta/foreign-labor"
C050,Vistra,Energy + Data/IT/Security,Irving HQ,Irving,Vistra (Irving): Digital transformation; cloud migration; data-driven operations; cybersecurity. DFW presence supports technology hiring in target role families.,Cloud;ERP;analytics;automation;platform engineering,Digital transformation; cloud migration; data-driven operations; cybersecurity,Role location verification; competitive hiring; sponsorship varies by team,DFW Fortune/HQ; sponsor validation needed,Tier 3 - DFW HQ / verify sponsorship,2026-07-04,"Diversified enterprise revenue with technology enabling operations, customer experience, and product innovation.",Core business lines; shared services; technology; operations,Digital transformation; cloud migration; data-driven operations; cybersecurity,Cloud; ERP; analytics; automation; platform engineering,AI automation; data platforms; cloud security; GRC,Digital transformation; Cloud and data platforms; Cybersecurity programs,AWS; Azure; Python; SQL; SAP; ServiceNow,"Support enterprise platforms, analytics, and security for DFW headquarters and regional operations.",Technology Analyst; Data Analyst; Security Engineer; Cloud Analyst; Platform Engineer,DFW Fortune/HQ; sponsor validation needed H-1B employer signal confidence 3/5 from sample research — validate per role via DOL LCA data; not legal advice.,"https://careers.vistracorp.com,https://investor.vistracorp.com/news,https://www.vistracorp.com/technology,https://www.dol.gov/agencies/eta/foreign-labor"
