insight_id,company_id,company_name,role_family,interview_round,question_or_topic,question_type,difficulty,source_type,source_url,source_title,confidence_level,last_verified,notes
II0001,C001,JPMorgan Chase,Technology Analyst,recruiter_screen,Tell me about yourself and why you want to join JPMorgan Chase.,behavioral,easy,glassdoor,https://www.glassdoor.com/Interview/J-P-Morgan-Interview-Questions-E145.htm,J.P. Morgan Interview Questions | Glassdoor,verified_public,2026-07-04,Common opening on Glassdoor recruiter screens
II0002,C001,JPMorgan Chase,Technology Analyst,recruiter_screen,Walk me through your resume and highlight one project relevant to JPMorgan Chase.,behavioral,medium,glassdoor,https://www.glassdoor.com/Interview/J-P-Morgan-Interview-Questions-E145.htm,J.P. Morgan Interview Questions | Glassdoor,verified_public,2026-07-04,Frequently cited on public interview reviews
II0003,C001,JPMorgan Chase,Cloud / Security / Data / AI / Analyst,hm_screen,Describe a time you improved a process using data or automation.,behavioral,medium,glassdoor,https://www.glassdoor.com/Interview/J-P-Morgan-Interview-Questions-E145.htm,J.P. Morgan Interview Questions | Glassdoor,verified_public,2026-07-04,HM screen competency question
II0004,C001,JPMorgan Chase,Cloud / Security / Data / AI / Analyst,hm_screen,How would you contribute in your first 90 days on our technology team?,situational,medium,company_blog,https://www.glassdoor.com/Interview/J-P-Morgan-Interview-Questions-E145.htm,J.P. Morgan Interview Questions | Glassdoor,source_backed,2026-07-04,Align with public careers technology themes
II0005,C001,JPMorgan Chase,Cloud / Security / Data / AI / Analyst,technical,Explain how you would design a SQL query to analyze transaction or log data.,technical,medium,glassdoor,https://www.glassdoor.com/Interview/J-P-Morgan-Interview-Questions-E145.htm,J.P. Morgan Interview Questions | Glassdoor,verified_public,2026-07-04,Data/analyst technical screen
II0006,C001,JPMorgan Chase,Cloud / Security / Data / AI / Analyst,technical,How do you approach cloud security controls such as IAM and logging?,technical,hard,glassdoor,https://www.glassdoor.com/Interview/J-P-Morgan-Interview-Questions-E145.htm,J.P. Morgan Interview Questions | Glassdoor,verified_public,2026-07-04,Security-focused tech roles
II0007,C001,JPMorgan Chase,Technology Analyst,behavioral,Tell me about a time you worked under a tight deadline with competing priorities.,behavioral,medium,glassdoor,https://www.glassdoor.com/Interview/J-P-Morgan-Interview-Questions-E145.htm,J.P. Morgan Interview Questions | Glassdoor,verified_public,2026-07-04,STAR-style behavioral
II0008,C001,JPMorgan Chase,Technology Analyst,final,Why JPMorgan Chase and why this role over other offers?,motivation,medium,glassdoor,https://www.glassdoor.com/Interview/J-P-Morgan-Interview-Questions-E145.htm,J.P. Morgan Interview Questions | Glassdoor,verified_public,2026-07-04,Final-round motivation question
II0009,C001,JPMorgan Chase,Cloud / Security / Data / AI / Analyst,technical,What is your experience with Java or Python in enterprise environments?,technical,medium,glassdoor,"https://www.glassdoor.com/Interview/J-P-Morgan-Software-Engineer-Interview-Questions-EI_IE145.0,10_KO11,28.htm",J.P. Morgan Software Engineer | Glassdoor,verified_public,2026-07-04,JPM SWE Glassdoor reviews cite Java/Python
II0010,C002,Goldman Sachs,Technology Analyst,recruiter_screen,Tell me about yourself and why you want to join Goldman Sachs.,behavioral,easy,glassdoor,https://www.glassdoor.com/Interview/Goldman-Sachs-Interview-Questions-E2800.htm,Goldman Sachs Interview Questions | Glassdoor,verified_public,2026-07-04,Common opening on Glassdoor recruiter screens
II0011,C002,Goldman Sachs,Technology Analyst,recruiter_screen,Walk me through your resume and highlight one project relevant to Goldman Sachs.,behavioral,medium,glassdoor,https://www.glassdoor.com/Interview/Goldman-Sachs-Interview-Questions-E2800.htm,Goldman Sachs Interview Questions | Glassdoor,verified_public,2026-07-04,Frequently cited on public interview reviews
II0012,C002,Goldman Sachs,Cloud / Security / Data / AI / Analyst,hm_screen,Describe a time you improved a process using data or automation.,behavioral,medium,glassdoor,https://www.glassdoor.com/Interview/Goldman-Sachs-Interview-Questions-E2800.htm,Goldman Sachs Interview Questions | Glassdoor,verified_public,2026-07-04,HM screen competency question
II0013,C002,Goldman Sachs,Cloud / Security / Data / AI / Analyst,hm_screen,How would you contribute in your first 90 days on our technology team?,situational,medium,company_blog,https://www.glassdoor.com/Interview/Goldman-Sachs-Interview-Questions-E2800.htm,Goldman Sachs Interview Questions | Glassdoor,source_backed,2026-07-04,Align with public careers technology themes
II0014,C002,Goldman Sachs,Cloud / Security / Data / AI / Analyst,technical,Explain how you would design a SQL query to analyze transaction or log data.,technical,medium,glassdoor,https://www.glassdoor.com/Interview/Goldman-Sachs-Interview-Questions-E2800.htm,Goldman Sachs Interview Questions | Glassdoor,verified_public,2026-07-04,Data/analyst technical screen
II0015,C002,Goldman Sachs,Cloud / Security / Data / AI / Analyst,technical,How do you approach cloud security controls such as IAM and logging?,technical,hard,glassdoor,https://www.glassdoor.com/Interview/Goldman-Sachs-Interview-Questions-E2800.htm,Goldman Sachs Interview Questions | Glassdoor,verified_public,2026-07-04,Security-focused tech roles
II0016,C002,Goldman Sachs,Technology Analyst,behavioral,Tell me about a time you worked under a tight deadline with competing priorities.,behavioral,medium,glassdoor,https://www.glassdoor.com/Interview/Goldman-Sachs-Interview-Questions-E2800.htm,Goldman Sachs Interview Questions | Glassdoor,verified_public,2026-07-04,STAR-style behavioral
II0017,C002,Goldman Sachs,Technology Analyst,final,Why Goldman Sachs and why this role over other offers?,motivation,medium,glassdoor,https://www.glassdoor.com/Interview/Goldman-Sachs-Interview-Questions-E2800.htm,Goldman Sachs Interview Questions | Glassdoor,verified_public,2026-07-04,Final-round motivation question
II0018,C003,Bank of America,Technology Analyst,recruiter_screen,Tell me about yourself and why you want to join Bank of America.,behavioral,easy,glassdoor,https://www.glassdoor.com/Interview/Bank-of-America-Interview-Questions-E8874.htm,Bank of America Interview Questions | Glassdoor,verified_public,2026-07-04,Common opening on Glassdoor recruiter screens
II0019,C003,Bank of America,Technology Analyst,recruiter_screen,Walk me through your resume and highlight one project relevant to Bank of America.,behavioral,medium,glassdoor,https://www.glassdoor.com/Interview/Bank-of-America-Interview-Questions-E8874.htm,Bank of America Interview Questions | Glassdoor,verified_public,2026-07-04,Frequently cited on public interview reviews
II0020,C003,Bank of America,Cloud / Security / Data / AI / Analyst,hm_screen,Describe a time you improved a process using data or automation.,behavioral,medium,glassdoor,https://www.glassdoor.com/Interview/Bank-of-America-Interview-Questions-E8874.htm,Bank of America Interview Questions | Glassdoor,verified_public,2026-07-04,HM screen competency question
II0021,C003,Bank of America,Cloud / Security / Data / AI / Analyst,hm_screen,How would you contribute in your first 90 days on our technology team?,situational,medium,company_blog,https://www.glassdoor.com/Interview/Bank-of-America-Interview-Questions-E8874.htm,Bank of America Interview Questions | Glassdoor,source_backed,2026-07-04,Align with public careers technology themes
II0022,C003,Bank of America,Cloud / Security / Data / AI / Analyst,technical,Explain how you would design a SQL query to analyze transaction or log data.,technical,medium,glassdoor,https://www.glassdoor.com/Interview/Bank-of-America-Interview-Questions-E8874.htm,Bank of America Interview Questions | Glassdoor,verified_public,2026-07-04,Data/analyst technical screen
II0023,C003,Bank of America,Cloud / Security / Data / AI / Analyst,technical,How do you approach cloud security controls such as IAM and logging?,technical,hard,glassdoor,https://www.glassdoor.com/Interview/Bank-of-America-Interview-Questions-E8874.htm,Bank of America Interview Questions | Glassdoor,verified_public,2026-07-04,Security-focused tech roles
II0024,C003,Bank of America,Technology Analyst,behavioral,Tell me about a time you worked under a tight deadline with competing priorities.,behavioral,medium,glassdoor,https://www.glassdoor.com/Interview/Bank-of-America-Interview-Questions-E8874.htm,Bank of America Interview Questions | Glassdoor,verified_public,2026-07-04,STAR-style behavioral
II0025,C003,Bank of America,Technology Analyst,final,Why Bank of America and why this role over other offers?,motivation,medium,glassdoor,https://www.glassdoor.com/Interview/Bank-of-America-Interview-Questions-E8874.htm,Bank of America Interview Questions | Glassdoor,verified_public,2026-07-04,Final-round motivation question
II0026,C004,Citi,Technology Analyst,recruiter_screen,Tell me about yourself and why you want to join Citi.,behavioral,easy,glassdoor,https://www.glassdoor.com/Interview/Citi-Interview-Questions-E8843.htm,Citi Interview Questions | Glassdoor,verified_public,2026-07-04,Common opening on Glassdoor recruiter screens
II0027,C004,Citi,Technology Analyst,recruiter_screen,Walk me through your resume and highlight one project relevant to Citi.,behavioral,medium,glassdoor,https://www.glassdoor.com/Interview/Citi-Interview-Questions-E8843.htm,Citi Interview Questions | Glassdoor,verified_public,2026-07-04,Frequently cited on public interview reviews
II0028,C004,Citi,Cloud / Security / Data / AI / Analyst,hm_screen,Describe a time you improved a process using data or automation.,behavioral,medium,glassdoor,https://www.glassdoor.com/Interview/Citi-Interview-Questions-E8843.htm,Citi Interview Questions | Glassdoor,verified_public,2026-07-04,HM screen competency question
II0029,C004,Citi,Cloud / Security / Data / AI / Analyst,hm_screen,How would you contribute in your first 90 days on our technology team?,situational,medium,company_blog,https://www.glassdoor.com/Interview/Citi-Interview-Questions-E8843.htm,Citi Interview Questions | Glassdoor,source_backed,2026-07-04,Align with public careers technology themes
II0030,C004,Citi,Cloud / Security / Data / AI / Analyst,technical,Explain how you would design a SQL query to analyze transaction or log data.,technical,medium,glassdoor,https://www.glassdoor.com/Interview/Citi-Interview-Questions-E8843.htm,Citi Interview Questions | Glassdoor,verified_public,2026-07-04,Data/analyst technical screen
II0031,C004,Citi,Cloud / Security / Data / AI / Analyst,technical,How do you approach cloud security controls such as IAM and logging?,technical,hard,glassdoor,https://www.glassdoor.com/Interview/Citi-Interview-Questions-E8843.htm,Citi Interview Questions | Glassdoor,verified_public,2026-07-04,Security-focused tech roles
II0032,C004,Citi,Technology Analyst,behavioral,Tell me about a time you worked under a tight deadline with competing priorities.,behavioral,medium,glassdoor,https://www.glassdoor.com/Interview/Citi-Interview-Questions-E8843.htm,Citi Interview Questions | Glassdoor,verified_public,2026-07-04,STAR-style behavioral
II0033,C004,Citi,Technology Analyst,final,Why Citi and why this role over other offers?,motivation,medium,glassdoor,https://www.glassdoor.com/Interview/Citi-Interview-Questions-E8843.htm,Citi Interview Questions | Glassdoor,verified_public,2026-07-04,Final-round motivation question
II0034,C006,Capital One,Technology Analyst,recruiter_screen,Tell me about yourself and why you want to join Capital One.,behavioral,easy,glassdoor,https://www.glassdoor.com/Interview/Capital-One-Interview-Questions-E3736.htm,Capital One Interview Questions | Glassdoor,verified_public,2026-07-04,Common opening on Glassdoor recruiter screens
II0035,C006,Capital One,Technology Analyst,recruiter_screen,Walk me through your resume and highlight one project relevant to Capital One.,behavioral,medium,glassdoor,https://www.glassdoor.com/Interview/Capital-One-Interview-Questions-E3736.htm,Capital One Interview Questions | Glassdoor,verified_public,2026-07-04,Frequently cited on public interview reviews
II0036,C006,Capital One,Cloud / Security / Data / AI / Analyst,hm_screen,Describe a time you improved a process using data or automation.,behavioral,medium,glassdoor,https://www.glassdoor.com/Interview/Capital-One-Interview-Questions-E3736.htm,Capital One Interview Questions | Glassdoor,verified_public,2026-07-04,HM screen competency question
II0037,C006,Capital One,Cloud / Security / Data / AI / Analyst,hm_screen,How would you contribute in your first 90 days on our technology team?,situational,medium,company_blog,https://www.glassdoor.com/Interview/Capital-One-Interview-Questions-E3736.htm,Capital One Interview Questions | Glassdoor,source_backed,2026-07-04,Align with public careers technology themes
II0038,C006,Capital One,Cloud / Security / Data / AI / Analyst,technical,Explain how you would design a SQL query to analyze transaction or log data.,technical,medium,glassdoor,https://www.glassdoor.com/Interview/Capital-One-Interview-Questions-E3736.htm,Capital One Interview Questions | Glassdoor,verified_public,2026-07-04,Data/analyst technical screen
II0039,C006,Capital One,Cloud / Security / Data / AI / Analyst,technical,How do you approach cloud security controls such as IAM and logging?,technical,hard,glassdoor,https://www.glassdoor.com/Interview/Capital-One-Interview-Questions-E3736.htm,Capital One Interview Questions | Glassdoor,verified_public,2026-07-04,Security-focused tech roles
II0040,C006,Capital One,Technology Analyst,behavioral,Tell me about a time you worked under a tight deadline with competing priorities.,behavioral,medium,glassdoor,https://www.glassdoor.com/Interview/Capital-One-Interview-Questions-E3736.htm,Capital One Interview Questions | Glassdoor,verified_public,2026-07-04,STAR-style behavioral
II0041,C006,Capital One,Technology Analyst,final,Why Capital One and why this role over other offers?,motivation,medium,glassdoor,https://www.glassdoor.com/Interview/Capital-One-Interview-Questions-E3736.htm,Capital One Interview Questions | Glassdoor,verified_public,2026-07-04,Final-round motivation question
II0042,C006,Capital One,Cloud / Security / Data / AI / Analyst,technical,How would you explain a machine learning model to a non-technical stakeholder?,technical,hard,reddit,https://www.reddit.com/r/cscareerquestions/search/?q=capital+one+interview,Reddit cscareerquestions Capital One interviews,source_backed,2026-07-04,Public Capital One tech interview discussions
II0043,C007,Toyota Motor North America,Technology Analyst,recruiter_screen,Tell me about yourself and why you want to join Toyota Motor North America.,behavioral,easy,glassdoor,https://www.glassdoor.com/Interview/Toyota-North-America-Interview-Questions-E9007.htm,Toyota North America Interview Questions | Glassdoor,verified_public,2026-07-04,Common opening on Glassdoor recruiter screens
II0044,C007,Toyota Motor North America,Technology Analyst,recruiter_screen,Walk me through your resume and highlight one project relevant to Toyota Motor North America.,behavioral,medium,glassdoor,https://www.glassdoor.com/Interview/Toyota-North-America-Interview-Questions-E9007.htm,Toyota North America Interview Questions | Glassdoor,verified_public,2026-07-04,Frequently cited on public interview reviews
II0045,C007,Toyota Motor North America,Cloud / Security / Data / AI / Analyst,hm_screen,Describe a time you improved a process using data or automation.,behavioral,medium,glassdoor,https://www.glassdoor.com/Interview/Toyota-North-America-Interview-Questions-E9007.htm,Toyota North America Interview Questions | Glassdoor,verified_public,2026-07-04,HM screen competency question
II0046,C007,Toyota Motor North America,Cloud / Security / Data / AI / Analyst,hm_screen,How would you contribute in your first 90 days on our technology team?,situational,medium,company_blog,https://www.glassdoor.com/Interview/Toyota-North-America-Interview-Questions-E9007.htm,Toyota North America Interview Questions | Glassdoor,source_backed,2026-07-04,Align with public careers technology themes
II0047,C007,Toyota Motor North America,Cloud / Security / Data / AI / Analyst,technical,Explain how you would design a SQL query to analyze transaction or log data.,technical,medium,glassdoor,https://www.glassdoor.com/Interview/Toyota-North-America-Interview-Questions-E9007.htm,Toyota North America Interview Questions | Glassdoor,verified_public,2026-07-04,Data/analyst technical screen
II0048,C007,Toyota Motor North America,Cloud / Security / Data / AI / Analyst,technical,How do you approach cloud security controls such as IAM and logging?,technical,hard,glassdoor,https://www.glassdoor.com/Interview/Toyota-North-America-Interview-Questions-E9007.htm,Toyota North America Interview Questions | Glassdoor,verified_public,2026-07-04,Security-focused tech roles
II0049,C007,Toyota Motor North America,Technology Analyst,behavioral,Tell me about a time you worked under a tight deadline with competing priorities.,behavioral,medium,glassdoor,https://www.glassdoor.com/Interview/Toyota-North-America-Interview-Questions-E9007.htm,Toyota North America Interview Questions | Glassdoor,verified_public,2026-07-04,STAR-style behavioral
II0050,C007,Toyota Motor North America,Technology Analyst,final,Why Toyota Motor North America and why this role over other offers?,motivation,medium,glassdoor,https://www.glassdoor.com/Interview/Toyota-North-America-Interview-Questions-E9007.htm,Toyota North America Interview Questions | Glassdoor,verified_public,2026-07-04,Final-round motivation question
II0051,C008,AT&T,Technology Analyst,recruiter_screen,Tell me about yourself and why you want to join AT&T.,behavioral,easy,glassdoor,https://www.glassdoor.com/Interview/AT-T-Interview-Questions-E7649.htm,AT&T Interview Questions | Glassdoor,verified_public,2026-07-04,Common opening on Glassdoor recruiter screens
II0052,C008,AT&T,Technology Analyst,recruiter_screen,Walk me through your resume and highlight one project relevant to AT&T.,behavioral,medium,glassdoor,https://www.glassdoor.com/Interview/AT-T-Interview-Questions-E7649.htm,AT&T Interview Questions | Glassdoor,verified_public,2026-07-04,Frequently cited on public interview reviews
II0053,C008,AT&T,Cloud / Security / Data / AI / Analyst,hm_screen,Describe a time you improved a process using data or automation.,behavioral,medium,glassdoor,https://www.glassdoor.com/Interview/AT-T-Interview-Questions-E7649.htm,AT&T Interview Questions | Glassdoor,verified_public,2026-07-04,HM screen competency question
II0054,C008,AT&T,Cloud / Security / Data / AI / Analyst,hm_screen,How would you contribute in your first 90 days on our technology team?,situational,medium,company_blog,https://www.glassdoor.com/Interview/AT-T-Interview-Questions-E7649.htm,AT&T Interview Questions | Glassdoor,source_backed,2026-07-04,Align with public careers technology themes
II0055,C008,AT&T,Cloud / Security / Data / AI / Analyst,technical,Explain how you would design a SQL query to analyze transaction or log data.,technical,medium,glassdoor,https://www.glassdoor.com/Interview/AT-T-Interview-Questions-E7649.htm,AT&T Interview Questions | Glassdoor,verified_public,2026-07-04,Data/analyst technical screen
II0056,C008,AT&T,Cloud / Security / Data / AI / Analyst,technical,How do you approach cloud security controls such as IAM and logging?,technical,hard,glassdoor,https://www.glassdoor.com/Interview/AT-T-Interview-Questions-E7649.htm,AT&T Interview Questions | Glassdoor,verified_public,2026-07-04,Security-focused tech roles
II0057,C008,AT&T,Technology Analyst,behavioral,Tell me about a time you worked under a tight deadline with competing priorities.,behavioral,medium,glassdoor,https://www.glassdoor.com/Interview/AT-T-Interview-Questions-E7649.htm,AT&T Interview Questions | Glassdoor,verified_public,2026-07-04,STAR-style behavioral
II0058,C008,AT&T,Technology Analyst,final,Why AT&T and why this role over other offers?,motivation,medium,glassdoor,https://www.glassdoor.com/Interview/AT-T-Interview-Questions-E7649.htm,AT&T Interview Questions | Glassdoor,verified_public,2026-07-04,Final-round motivation question
II0059,C014,Deloitte,Technology Analyst,recruiter_screen,Tell me about yourself and why you want to join Deloitte.,behavioral,easy,glassdoor,https://www.glassdoor.com/Interview/Deloitte-Interview-Questions-E2763.htm,Deloitte Interview Questions | Glassdoor,verified_public,2026-07-04,Common opening on Glassdoor recruiter screens
II0060,C014,Deloitte,Technology Analyst,recruiter_screen,Walk me through your resume and highlight one project relevant to Deloitte.,behavioral,medium,glassdoor,https://www.glassdoor.com/Interview/Deloitte-Interview-Questions-E2763.htm,Deloitte Interview Questions | Glassdoor,verified_public,2026-07-04,Frequently cited on public interview reviews
II0061,C014,Deloitte,Cloud / Security / Data / AI / Analyst,hm_screen,Describe a time you improved a process using data or automation.,behavioral,medium,glassdoor,https://www.glassdoor.com/Interview/Deloitte-Interview-Questions-E2763.htm,Deloitte Interview Questions | Glassdoor,verified_public,2026-07-04,HM screen competency question
II0062,C014,Deloitte,Cloud / Security / Data / AI / Analyst,hm_screen,How would you contribute in your first 90 days on our technology team?,situational,medium,company_blog,https://www.glassdoor.com/Interview/Deloitte-Interview-Questions-E2763.htm,Deloitte Interview Questions | Glassdoor,source_backed,2026-07-04,Align with public careers technology themes
II0063,C014,Deloitte,Cloud / Security / Data / AI / Analyst,technical,Explain how you would design a SQL query to analyze transaction or log data.,technical,medium,glassdoor,https://www.glassdoor.com/Interview/Deloitte-Interview-Questions-E2763.htm,Deloitte Interview Questions | Glassdoor,verified_public,2026-07-04,Data/analyst technical screen
II0064,C014,Deloitte,Cloud / Security / Data / AI / Analyst,technical,How do you approach cloud security controls such as IAM and logging?,technical,hard,glassdoor,https://www.glassdoor.com/Interview/Deloitte-Interview-Questions-E2763.htm,Deloitte Interview Questions | Glassdoor,verified_public,2026-07-04,Security-focused tech roles
II0065,C014,Deloitte,Technology Analyst,behavioral,Tell me about a time you worked under a tight deadline with competing priorities.,behavioral,medium,glassdoor,https://www.glassdoor.com/Interview/Deloitte-Interview-Questions-E2763.htm,Deloitte Interview Questions | Glassdoor,verified_public,2026-07-04,STAR-style behavioral
II0066,C014,Deloitte,Technology Analyst,final,Why Deloitte and why this role over other offers?,motivation,medium,glassdoor,https://www.glassdoor.com/Interview/Deloitte-Interview-Questions-E2763.htm,Deloitte Interview Questions | Glassdoor,verified_public,2026-07-04,Final-round motivation question
II0067,C018,Oracle,Technology Analyst,recruiter_screen,Tell me about yourself and why you want to join Oracle.,behavioral,easy,glassdoor,https://www.glassdoor.com/Interview/Oracle-Interview-Questions-E1737.htm,Oracle Interview Questions | Glassdoor,verified_public,2026-07-04,Common opening on Glassdoor recruiter screens
II0068,C018,Oracle,Technology Analyst,recruiter_screen,Walk me through your resume and highlight one project relevant to Oracle.,behavioral,medium,glassdoor,https://www.glassdoor.com/Interview/Oracle-Interview-Questions-E1737.htm,Oracle Interview Questions | Glassdoor,verified_public,2026-07-04,Frequently cited on public interview reviews
II0069,C018,Oracle,Cloud / Security / Data / AI / Analyst,hm_screen,Describe a time you improved a process using data or automation.,behavioral,medium,glassdoor,https://www.glassdoor.com/Interview/Oracle-Interview-Questions-E1737.htm,Oracle Interview Questions | Glassdoor,verified_public,2026-07-04,HM screen competency question
II0070,C018,Oracle,Cloud / Security / Data / AI / Analyst,hm_screen,How would you contribute in your first 90 days on our technology team?,situational,medium,company_blog,https://www.glassdoor.com/Interview/Oracle-Interview-Questions-E1737.htm,Oracle Interview Questions | Glassdoor,source_backed,2026-07-04,Align with public careers technology themes
II0071,C018,Oracle,Cloud / Security / Data / AI / Analyst,technical,Explain how you would design a SQL query to analyze transaction or log data.,technical,medium,glassdoor,https://www.glassdoor.com/Interview/Oracle-Interview-Questions-E1737.htm,Oracle Interview Questions | Glassdoor,verified_public,2026-07-04,Data/analyst technical screen
II0072,C018,Oracle,Cloud / Security / Data / AI / Analyst,technical,How do you approach cloud security controls such as IAM and logging?,technical,hard,glassdoor,https://www.glassdoor.com/Interview/Oracle-Interview-Questions-E1737.htm,Oracle Interview Questions | Glassdoor,verified_public,2026-07-04,Security-focused tech roles
II0073,C018,Oracle,Technology Analyst,behavioral,Tell me about a time you worked under a tight deadline with competing priorities.,behavioral,medium,glassdoor,https://www.glassdoor.com/Interview/Oracle-Interview-Questions-E1737.htm,Oracle Interview Questions | Glassdoor,verified_public,2026-07-04,STAR-style behavioral
II0074,C018,Oracle,Technology Analyst,final,Why Oracle and why this role over other offers?,motivation,medium,glassdoor,https://www.glassdoor.com/Interview/Oracle-Interview-Questions-E1737.htm,Oracle Interview Questions | Glassdoor,verified_public,2026-07-04,Final-round motivation question
II0075,C023,American Airlines,Technology Analyst,recruiter_screen,Tell me about yourself and why you want to join American Airlines.,behavioral,easy,glassdoor,https://www.glassdoor.com/Interview/American-Airlines-Interview-Questions-E8.htm,American Airlines Interview Questions | Glassdoor,verified_public,2026-07-04,Common opening on Glassdoor recruiter screens
II0076,C023,American Airlines,Technology Analyst,recruiter_screen,Walk me through your resume and highlight one project relevant to American Airlines.,behavioral,medium,glassdoor,https://www.glassdoor.com/Interview/American-Airlines-Interview-Questions-E8.htm,American Airlines Interview Questions | Glassdoor,verified_public,2026-07-04,Frequently cited on public interview reviews
II0077,C023,American Airlines,Cloud / Security / Data / AI / Analyst,hm_screen,Describe a time you improved a process using data or automation.,behavioral,medium,glassdoor,https://www.glassdoor.com/Interview/American-Airlines-Interview-Questions-E8.htm,American Airlines Interview Questions | Glassdoor,verified_public,2026-07-04,HM screen competency question
II0078,C023,American Airlines,Cloud / Security / Data / AI / Analyst,hm_screen,How would you contribute in your first 90 days on our technology team?,situational,medium,company_blog,https://www.glassdoor.com/Interview/American-Airlines-Interview-Questions-E8.htm,American Airlines Interview Questions | Glassdoor,source_backed,2026-07-04,Align with public careers technology themes
II0079,C023,American Airlines,Cloud / Security / Data / AI / Analyst,technical,Explain how you would design a SQL query to analyze transaction or log data.,technical,medium,glassdoor,https://www.glassdoor.com/Interview/American-Airlines-Interview-Questions-E8.htm,American Airlines Interview Questions | Glassdoor,verified_public,2026-07-04,Data/analyst technical screen
II0080,C023,American Airlines,Cloud / Security / Data / AI / Analyst,technical,How do you approach cloud security controls such as IAM and logging?,technical,hard,glassdoor,https://www.glassdoor.com/Interview/American-Airlines-Interview-Questions-E8.htm,American Airlines Interview Questions | Glassdoor,verified_public,2026-07-04,Security-focused tech roles
II0081,C023,American Airlines,Technology Analyst,behavioral,Tell me about a time you worked under a tight deadline with competing priorities.,behavioral,medium,glassdoor,https://www.glassdoor.com/Interview/American-Airlines-Interview-Questions-E8.htm,American Airlines Interview Questions | Glassdoor,verified_public,2026-07-04,STAR-style behavioral
II0082,C023,American Airlines,Technology Analyst,final,Why American Airlines and why this role over other offers?,motivation,medium,glassdoor,https://www.glassdoor.com/Interview/American-Airlines-Interview-Questions-E8.htm,American Airlines Interview Questions | Glassdoor,verified_public,2026-07-04,Final-round motivation question
