job_id,company_id,company_name,title,location,role_cluster,priority_tier,business_problem,description,keywords_hint,status
J0001,C001,JPMorgan Chase,AI Automation Analyst,Plano / Dallas,Cloud / Security / Data / AI / Analyst,Tier 1 - attack first,"Bank is pushing AI productivity and has large DFW tech headcount; roles exist around platform modernization, controls, automation, and data systems.","We are seeking a AI Automation Analyst to support Bank is pushing AI productivity and has large DFW tech headcount; roles exist around platform modernization, controls, automation, and data systems.. Responsibilities include building data pipelines with Python and SQL, implementing IAM controls, monitoring with SIEM/Splunk, and automating workflows. Required: Python, SQL, cloud platforms (AWS/Azure/GCP), Kubernetes, Docker, Terraform, Agile/Jira, risk controls, AI automation, incident response. Preferred: experience with data analytics dashboards and stakeholder communication.",Python; SQL; AWS/Azure/GCP; IAM; SIEM; Splunk; Kubernetes; Docker; Terraform; Agile; Jira; risk controls; data pipelines; AI automation; incident response,open
J0002,C001,JPMorgan Chase,Technology Analyst,Plano / Dallas,Cloud / Security / Data / AI / Analyst,Tier 1 - attack first,data pipeline reliability and audit readiness,"Join our Technology Analyst team driving data pipeline reliability and audit readiness. You will analyze operational data, design secure cloud architectures, tune SIEM detections, and partner with engineering on platform modernization. Skills: Python, SQL, IAM, SIEM, Splunk, Kubernetes, Docker, Terraform, data pipelines, AI automation, incident response, Agile delivery, business analysis.",Python; SQL; AWS/Azure/GCP; IAM; SIEM; Splunk; Kubernetes; Docker; Terraform; Agile; Jira; risk controls; data pipelines; AI automation; incident response,open
J0003,C001,JPMorgan Chase,Cloud Security Analyst,Plano / Dallas,Cloud / Security / Data / AI / Analyst,Tier 1 - attack first,AI automation governance and measurable outcomes,"The Cloud Security Analyst role addresses AI automation governance and measurable outcomes across our DFW technology organization. Build automation scripts, maintain risk control evidence, support incident response, and deliver KPI dashboards. Must have Python, SQL, cloud security fundamentals, data analytics, and strong communication skills.",Python; SQL; AWS/Azure/GCP; IAM; SIEM; Splunk; Kubernetes; Docker; Terraform; Agile; Jira; risk controls; data pipelines; AI automation; incident response,applied
J0004,C002,Goldman Sachs,Security Engineer,Dallas,Cloud / Security / Data / AI / Analyst,Tier 1 - attack first,"Dallas campus expansion and AI-driven finance workflows create demand for engineering, data, and operational risk talent.","We are seeking a Security Engineer to support Dallas campus expansion and AI-driven finance workflows create demand for engineering, data, and operational risk talent.. Responsibilities include building data pipelines with Python and SQL, implementing IAM controls, monitoring with SIEM/Splunk, and automating workflows. Required: Python, SQL, cloud platforms (AWS/Azure/GCP), Kubernetes, Docker, Terraform, Agile/Jira, risk controls, AI automation, incident response. Preferred: experience with data analytics dashboards and stakeholder communication.",Python; SQL; AWS/Azure/GCP; IAM; SIEM; Splunk; Kubernetes; Docker; Terraform; Agile; Jira; risk controls; data pipelines; AI automation; incident response,open
J0005,C002,Goldman Sachs,Business Systems Analyst,Dallas,Cloud / Security / Data / AI / Analyst,Tier 1 - attack first,AI-driven workflow productivity and controls,"Join our Business Systems Analyst team driving AI-driven workflow productivity and controls. You will analyze operational data, design secure cloud architectures, tune SIEM detections, and partner with engineering on platform modernization. Skills: Python, SQL, IAM, SIEM, Splunk, Kubernetes, Docker, Terraform, data pipelines, AI automation, incident response, Agile delivery, business analysis.",Python; SQL; AWS/Azure/GCP; IAM; SIEM; Splunk; Kubernetes; Docker; Terraform; Agile; Jira; risk controls; data pipelines; AI automation; incident response,open
J0006,C002,Goldman Sachs,Operations Technology Analyst,Dallas,Cloud / Security / Data / AI / Analyst,Tier 1 - attack first,AI automation governance and measurable outcomes,"The Operations Technology Analyst role addresses AI automation governance and measurable outcomes across our DFW technology organization. Build automation scripts, maintain risk control evidence, support incident response, and deliver KPI dashboards. Must have Python, SQL, cloud security fundamentals, data analytics, and strong communication skills.",Python; SQL; AWS/Azure/GCP; IAM; SIEM; Splunk; Kubernetes; Docker; Terraform; Agile; Jira; risk controls; data pipelines; AI automation; incident response,contacted
J0007,C003,Bank of America,Security Engineer,Dallas,Cloud / Security / Data / AI / Analyst,Tier 1 - attack first,"New Dallas campus and large DFW workforce suggest recurring technology, risk, and operations hiring.","We are seeking a Security Engineer to support New Dallas campus and large DFW workforce suggest recurring technology, risk, and operations hiring.. Responsibilities include building data pipelines with Python and SQL, implementing IAM controls, monitoring with SIEM/Splunk, and automating workflows. Required: Python, SQL, cloud platforms (AWS/Azure/GCP), Kubernetes, Docker, Terraform, Agile/Jira, risk controls, AI automation, incident response. Preferred: experience with data analytics dashboards and stakeholder communication.",Python; SQL; AWS/Azure/GCP; IAM; SIEM; Splunk; Kubernetes; Docker; Terraform; Agile; Jira; risk controls; data pipelines; AI automation; incident response,contacted
J0008,C003,Bank of America,Platform Engineer,Dallas,Cloud / Security / Data / AI / Analyst,Tier 1 - attack first,AI-driven workflow productivity and controls,"Join our Platform Engineer team driving AI-driven workflow productivity and controls. You will analyze operational data, design secure cloud architectures, tune SIEM detections, and partner with engineering on platform modernization. Skills: Python, SQL, IAM, SIEM, Splunk, Kubernetes, Docker, Terraform, data pipelines, AI automation, incident response, Agile delivery, business analysis.",Python; SQL; AWS/Azure/GCP; IAM; SIEM; Splunk; Kubernetes; Docker; Terraform; Agile; Jira; risk controls; data pipelines; AI automation; incident response,applied
J0009,C003,Bank of America,Technology Risk Analyst,Dallas,Cloud / Security / Data / AI / Analyst,Tier 1 - attack first,enterprise IAM and zero-trust implementation,"The Technology Risk Analyst role addresses enterprise IAM and zero-trust implementation across our DFW technology organization. Build automation scripts, maintain risk control evidence, support incident response, and deliver KPI dashboards. Must have Python, SQL, cloud security fundamentals, data analytics, and strong communication skills.",Python; SQL; AWS/Azure/GCP; IAM; SIEM; Splunk; Kubernetes; Docker; Terraform; Agile; Jira; risk controls; data pipelines; AI automation; incident response,contacted
J0010,C004,Citi,Security Engineer,Irving,Cloud / Security / Data / AI / Analyst,Tier 1 - attack first,"Irving campus spans technology, global functions, services, and private bank; roles likely tied to risk, platform modernization, and operations.","We are seeking a Security Engineer to support Irving campus spans technology, global functions, services, and private bank; roles likely tied to risk, platform modernization, and operations.. Responsibilities include building data pipelines with Python and SQL, implementing IAM controls, monitoring with SIEM/Splunk, and automating workflows. Required: Python, SQL, cloud platforms (AWS/Azure/GCP), Kubernetes, Docker, Terraform, Agile/Jira, risk controls, AI automation, incident response. Preferred: experience with data analytics dashboards and stakeholder communication.",Python; SQL; AWS/Azure/GCP; IAM; SIEM; Splunk; Kubernetes; Docker; Terraform; Agile; Jira; risk controls; data pipelines; AI automation; incident response,open
J0011,C004,Citi,AI Automation Analyst,Irving,Cloud / Security / Data / AI / Analyst,Tier 1 - attack first,data pipeline reliability and audit readiness,"Join our AI Automation Analyst team driving data pipeline reliability and audit readiness. You will analyze operational data, design secure cloud architectures, tune SIEM detections, and partner with engineering on platform modernization. Skills: Python, SQL, IAM, SIEM, Splunk, Kubernetes, Docker, Terraform, data pipelines, AI automation, incident response, Agile delivery, business analysis.",Python; SQL; AWS/Azure/GCP; IAM; SIEM; Splunk; Kubernetes; Docker; Terraform; Agile; Jira; risk controls; data pipelines; AI automation; incident response,open
J0012,C004,Citi,Security Engineer,Irving,Cloud / Security / Data / AI / Analyst,Tier 1 - attack first,platform modernization and secure automation,"The Security Engineer role addresses platform modernization and secure automation across our DFW technology organization. Build automation scripts, maintain risk control evidence, support incident response, and deliver KPI dashboards. Must have Python, SQL, cloud security fundamentals, data analytics, and strong communication skills.",Python; SQL; AWS/Azure/GCP; IAM; SIEM; Splunk; Kubernetes; Docker; Terraform; Agile; Jira; risk controls; data pipelines; AI automation; incident response,contacted
J0013,C005,Charles Schwab,Cloud Analyst,Westlake / DFW,Cloud / Security / Data / AI / Analyst,Tier 1 - attack first,Large Westlake HQ and finance-platform modernization create steady tech and risk needs.,"We are seeking a Cloud Analyst to support Large Westlake HQ and finance-platform modernization create steady tech and risk needs.. Responsibilities include building data pipelines with Python and SQL, implementing IAM controls, monitoring with SIEM/Splunk, and automating workflows. Required: Python, SQL, cloud platforms (AWS/Azure/GCP), Kubernetes, Docker, Terraform, Agile/Jira, risk controls, AI automation, incident response. Preferred: experience with data analytics dashboards and stakeholder communication.",Python; SQL; AWS/Azure/GCP; IAM; SIEM; Splunk; Kubernetes; Docker; Terraform; Agile; Jira; risk controls; data pipelines; AI automation; incident response,open
J0014,C005,Charles Schwab,Data Engineer,Westlake / DFW,Cloud / Security / Data / AI / Analyst,Tier 1 - attack first,AI automation governance and measurable outcomes,"Join our Data Engineer team driving AI automation governance and measurable outcomes. You will analyze operational data, design secure cloud architectures, tune SIEM detections, and partner with engineering on platform modernization. Skills: Python, SQL, IAM, SIEM, Splunk, Kubernetes, Docker, Terraform, data pipelines, AI automation, incident response, Agile delivery, business analysis.",Python; SQL; AWS/Azure/GCP; IAM; SIEM; Splunk; Kubernetes; Docker; Terraform; Agile; Jira; risk controls; data pipelines; AI automation; incident response,open
J0015,C005,Charles Schwab,Data Analyst,Westlake / DFW,Cloud / Security / Data / AI / Analyst,Tier 1 - attack first,AI automation governance and measurable outcomes,"The Data Analyst role addresses AI automation governance and measurable outcomes across our DFW technology organization. Build automation scripts, maintain risk control evidence, support incident response, and deliver KPI dashboards. Must have Python, SQL, cloud security fundamentals, data analytics, and strong communication skills.",Python; SQL; AWS/Azure/GCP; IAM; SIEM; Splunk; Kubernetes; Docker; Terraform; Agile; Jira; risk controls; data pipelines; AI automation; incident response,applied
J0016,C006,Capital One,Data Analyst,Plano,Cloud / Security / Data / AI / Analyst,Tier 1 - attack first,Plano is a top employment hub; Capital One is cloud/data-heavy and fits MIS + cloud/cyber profile.,"We are seeking a Data Analyst to support Plano is a top employment hub; Capital One is cloud/data-heavy and fits MIS + cloud/cyber profile.. Responsibilities include building data pipelines with Python and SQL, implementing IAM controls, monitoring with SIEM/Splunk, and automating workflows. Required: Python, SQL, cloud platforms (AWS/Azure/GCP), Kubernetes, Docker, Terraform, Agile/Jira, risk controls, AI automation, incident response. Preferred: experience with data analytics dashboards and stakeholder communication.",Python; SQL; AWS/Azure/GCP; IAM; SIEM; Splunk; Kubernetes; Docker; Terraform; Agile; Jira; risk controls; data pipelines; AI automation; incident response,open
J0017,C006,Capital One,Cloud Security Analyst,Plano,Cloud / Security / Data / AI / Analyst,Tier 1 - attack first,cloud security monitoring and incident response,"Join our Cloud Security Analyst team driving cloud security monitoring and incident response. You will analyze operational data, design secure cloud architectures, tune SIEM detections, and partner with engineering on platform modernization. Skills: Python, SQL, IAM, SIEM, Splunk, Kubernetes, Docker, Terraform, data pipelines, AI automation, incident response, Agile delivery, business analysis.",Python; SQL; AWS/Azure/GCP; IAM; SIEM; Splunk; Kubernetes; Docker; Terraform; Agile; Jira; risk controls; data pipelines; AI automation; incident response,open
J0018,C006,Capital One,Technology Risk Analyst,Plano,Cloud / Security / Data / AI / Analyst,Tier 1 - attack first,AI automation governance and measurable outcomes,"The Technology Risk Analyst role addresses AI automation governance and measurable outcomes across our DFW technology organization. Build automation scripts, maintain risk control evidence, support incident response, and deliver KPI dashboards. Must have Python, SQL, cloud security fundamentals, data analytics, and strong communication skills.",Python; SQL; AWS/Azure/GCP; IAM; SIEM; Splunk; Kubernetes; Docker; Terraform; Agile; Jira; risk controls; data pipelines; AI automation; incident response,open
J0019,C007,Toyota Motor North America,Cybersecurity Analyst,Plano,Cloud / Security / Data / AI / Analyst,Tier 1 - attack first,"Auto platforms generate demand for data, cloud, cybersecurity, and enterprise systems.","We are seeking a Cybersecurity Analyst to support Auto platforms generate demand for data, cloud, cybersecurity, and enterprise systems.. Responsibilities include building data pipelines with Python and SQL, implementing IAM controls, monitoring with SIEM/Splunk, and automating workflows. Required: Python, SQL, cloud platforms (AWS/Azure/GCP), Kubernetes, Docker, Terraform, Agile/Jira, risk controls, AI automation, incident response. Preferred: experience with data analytics dashboards and stakeholder communication.",Python; SQL; AWS/Azure/GCP; IAM; SIEM; Splunk; Kubernetes; Docker; Terraform; Agile; Jira; risk controls; data pipelines; AI automation; incident response,contacted
J0020,C007,Toyota Motor North America,Cloud Security Analyst,Plano,Cloud / Security / Data / AI / Analyst,Tier 1 - attack first,platform modernization and secure automation,"Join our Cloud Security Analyst team driving platform modernization and secure automation. You will analyze operational data, design secure cloud architectures, tune SIEM detections, and partner with engineering on platform modernization. Skills: Python, SQL, IAM, SIEM, Splunk, Kubernetes, Docker, Terraform, data pipelines, AI automation, incident response, Agile delivery, business analysis.",Python; SQL; AWS/Azure/GCP; IAM; SIEM; Splunk; Kubernetes; Docker; Terraform; Agile; Jira; risk controls; data pipelines; AI automation; incident response,open
J0021,C007,Toyota Motor North America,Cloud Security Analyst,Plano,Cloud / Security / Data / AI / Analyst,Tier 1 - attack first,AI-driven workflow productivity and controls,"The Cloud Security Analyst role addresses AI-driven workflow productivity and controls across our DFW technology organization. Build automation scripts, maintain risk control evidence, support incident response, and deliver KPI dashboards. Must have Python, SQL, cloud security fundamentals, data analytics, and strong communication skills.",Python; SQL; AWS/Azure/GCP; IAM; SIEM; Splunk; Kubernetes; Docker; Terraform; Agile; Jira; risk controls; data pipelines; AI automation; incident response,open
J0022,C008,AT&T,Operations Technology Analyst,Dallas / Plano / Irving,Cloud / Security / Data / AI / Analyst,Tier 1 - attack first,"Telecom modernization, network security, and AI operations create strong technical hiring themes.","We are seeking a Operations Technology Analyst to support Telecom modernization, network security, and AI operations create strong technical hiring themes.. Responsibilities include building data pipelines with Python and SQL, implementing IAM controls, monitoring with SIEM/Splunk, and automating workflows. Required: Python, SQL, cloud platforms (AWS/Azure/GCP), Kubernetes, Docker, Terraform, Agile/Jira, risk controls, AI automation, incident response. Preferred: experience with data analytics dashboards and stakeholder communication.",Python; SQL; AWS/Azure/GCP; IAM; SIEM; Splunk; Kubernetes; Docker; Terraform; Agile; Jira; risk controls; data pipelines; AI automation; incident response,applied
J0023,C008,AT&T,Platform Engineer,Dallas / Plano / Irving,Cloud / Security / Data / AI / Analyst,Tier 1 - attack first,enterprise IAM and zero-trust implementation,"Join our Platform Engineer team driving enterprise IAM and zero-trust implementation. You will analyze operational data, design secure cloud architectures, tune SIEM detections, and partner with engineering on platform modernization. Skills: Python, SQL, IAM, SIEM, Splunk, Kubernetes, Docker, Terraform, data pipelines, AI automation, incident response, Agile delivery, business analysis.",Python; SQL; AWS/Azure/GCP; IAM; SIEM; Splunk; Kubernetes; Docker; Terraform; Agile; Jira; risk controls; data pipelines; AI automation; incident response,applied
J0024,C008,AT&T,Business Systems Analyst,Dallas / Plano / Irving,Cloud / Security / Data / AI / Analyst,Tier 1 - attack first,AI-driven workflow productivity and controls,"The Business Systems Analyst role addresses AI-driven workflow productivity and controls across our DFW technology organization. Build automation scripts, maintain risk control evidence, support incident response, and deliver KPI dashboards. Must have Python, SQL, cloud security fundamentals, data analytics, and strong communication skills.",Python; SQL; AWS/Azure/GCP; IAM; SIEM; Splunk; Kubernetes; Docker; Terraform; Agile; Jira; risk controls; data pipelines; AI automation; incident response,contacted
J0025,C009,Ericsson,AI Automation Analyst,Plano,Cloud / Security / Data / AI / Analyst,Tier 1 - attack first,5G/cloud infrastructure and enterprise telecom create specialized technical roles.,"We are seeking a AI Automation Analyst to support 5G/cloud infrastructure and enterprise telecom create specialized technical roles.. Responsibilities include building data pipelines with Python and SQL, implementing IAM controls, monitoring with SIEM/Splunk, and automating workflows. Required: Python, SQL, cloud platforms (AWS/Azure/GCP), Kubernetes, Docker, Terraform, Agile/Jira, risk controls, AI automation, incident response. Preferred: experience with data analytics dashboards and stakeholder communication.",Python; SQL; AWS/Azure/GCP; IAM; SIEM; Splunk; Kubernetes; Docker; Terraform; Agile; Jira; risk controls; data pipelines; AI automation; incident response,open
J0026,C009,Ericsson,Business Systems Analyst,Plano,Cloud / Security / Data / AI / Analyst,Tier 1 - attack first,technology risk controls and GRC evidence,"Join our Business Systems Analyst team driving technology risk controls and GRC evidence. You will analyze operational data, design secure cloud architectures, tune SIEM detections, and partner with engineering on platform modernization. Skills: Python, SQL, IAM, SIEM, Splunk, Kubernetes, Docker, Terraform, data pipelines, AI automation, incident response, Agile delivery, business analysis.",Python; SQL; AWS/Azure/GCP; IAM; SIEM; Splunk; Kubernetes; Docker; Terraform; Agile; Jira; risk controls; data pipelines; AI automation; incident response,applied
J0027,C009,Ericsson,Cybersecurity Analyst,Plano,Cloud / Security / Data / AI / Analyst,Tier 1 - attack first,AI automation governance and measurable outcomes,"The Cybersecurity Analyst role addresses AI automation governance and measurable outcomes across our DFW technology organization. Build automation scripts, maintain risk control evidence, support incident response, and deliver KPI dashboards. Must have Python, SQL, cloud security fundamentals, data analytics, and strong communication skills.",Python; SQL; AWS/Azure/GCP; IAM; SIEM; Splunk; Kubernetes; Docker; Terraform; Agile; Jira; risk controls; data pipelines; AI automation; incident response,contacted
J0028,C010,NTT DATA,Technology Risk Analyst,Plano / Dallas,Cloud / Security / Data / AI / Analyst,Tier 1 - attack first,Consulting delivery and enterprise modernization create many matching roles; verify client-site nature.,"We are seeking a Technology Risk Analyst to support Consulting delivery and enterprise modernization create many matching roles; verify client-site nature.. Responsibilities include building data pipelines with Python and SQL, implementing IAM controls, monitoring with SIEM/Splunk, and automating workflows. Required: Python, SQL, cloud platforms (AWS/Azure/GCP), Kubernetes, Docker, Terraform, Agile/Jira, risk controls, AI automation, incident response. Preferred: experience with data analytics dashboards and stakeholder communication.",Python; SQL; AWS/Azure/GCP; IAM; SIEM; Splunk; Kubernetes; Docker; Terraform; Agile; Jira; risk controls; data pipelines; AI automation; incident response,open
J0029,C010,NTT DATA,Platform Engineer,Plano / Dallas,Cloud / Security / Data / AI / Analyst,Tier 1 - attack first,risk management and operational data visibility,"Join our Platform Engineer team driving risk management and operational data visibility. You will analyze operational data, design secure cloud architectures, tune SIEM detections, and partner with engineering on platform modernization. Skills: Python, SQL, IAM, SIEM, Splunk, Kubernetes, Docker, Terraform, data pipelines, AI automation, incident response, Agile delivery, business analysis.",Python; SQL; AWS/Azure/GCP; IAM; SIEM; Splunk; Kubernetes; Docker; Terraform; Agile; Jira; risk controls; data pipelines; AI automation; incident response,open
J0030,C010,NTT DATA,Platform Engineer,Plano / Dallas,Cloud / Security / Data / AI / Analyst,Tier 1 - attack first,AI automation governance and measurable outcomes,"The Platform Engineer role addresses AI automation governance and measurable outcomes across our DFW technology organization. Build automation scripts, maintain risk control evidence, support incident response, and deliver KPI dashboards. Must have Python, SQL, cloud security fundamentals, data analytics, and strong communication skills.",Python; SQL; AWS/Azure/GCP; IAM; SIEM; Splunk; Kubernetes; Docker; Terraform; Agile; Jira; risk controls; data pipelines; AI automation; incident response,applied
J0031,C011,Samsung Electronics America / Samsung Austin Semiconductor,Technology Analyst,Plano / Austin,Cloud / Security / Data / AI / Analyst,Tier 1 - attack first,"Semiconductor/electronics operations require analytics, systems, and security talent.","We are seeking a Technology Analyst to support Semiconductor/electronics operations require analytics, systems, and security talent.. Responsibilities include building data pipelines with Python and SQL, implementing IAM controls, monitoring with SIEM/Splunk, and automating workflows. Required: Python, SQL, cloud platforms (AWS/Azure/GCP), Kubernetes, Docker, Terraform, Agile/Jira, risk controls, AI automation, incident response. Preferred: experience with data analytics dashboards and stakeholder communication.",Python; SQL; AWS/Azure/GCP; IAM; SIEM; Splunk; Kubernetes; Docker; Terraform; Agile; Jira; risk controls; data pipelines; AI automation; incident response,open
J0032,C011,Samsung Electronics America / Samsung Austin Semiconductor,Cybersecurity Analyst,Plano / Austin,Cloud / Security / Data / AI / Analyst,Tier 1 - attack first,AI-driven workflow productivity and controls,"Join our Cybersecurity Analyst team driving AI-driven workflow productivity and controls. You will analyze operational data, design secure cloud architectures, tune SIEM detections, and partner with engineering on platform modernization. Skills: Python, SQL, IAM, SIEM, Splunk, Kubernetes, Docker, Terraform, data pipelines, AI automation, incident response, Agile delivery, business analysis.",Python; SQL; AWS/Azure/GCP; IAM; SIEM; Splunk; Kubernetes; Docker; Terraform; Agile; Jira; risk controls; data pipelines; AI automation; incident response,open
J0033,C011,Samsung Electronics America / Samsung Austin Semiconductor,Operations Technology Analyst,Plano / Austin,Cloud / Security / Data / AI / Analyst,Tier 1 - attack first,data pipeline reliability and audit readiness,"The Operations Technology Analyst role addresses data pipeline reliability and audit readiness across our DFW technology organization. Build automation scripts, maintain risk control evidence, support incident response, and deliver KPI dashboards. Must have Python, SQL, cloud security fundamentals, data analytics, and strong communication skills.",Python; SQL; AWS/Azure/GCP; IAM; SIEM; Splunk; Kubernetes; Docker; Terraform; Agile; Jira; risk controls; data pipelines; AI automation; incident response,open
J0034,C012,KPMG,Data Analyst,Dallas,Cloud / Security / Data / AI / Analyst,Tier 1 - attack first,"Client risk, compliance, cyber, and AI governance demand aligns with MIS/cloud/cyber profile.","We are seeking a Data Analyst to support Client risk, compliance, cyber, and AI governance demand aligns with MIS/cloud/cyber profile.. Responsibilities include building data pipelines with Python and SQL, implementing IAM controls, monitoring with SIEM/Splunk, and automating workflows. Required: Python, SQL, cloud platforms (AWS/Azure/GCP), Kubernetes, Docker, Terraform, Agile/Jira, risk controls, AI automation, incident response. Preferred: experience with data analytics dashboards and stakeholder communication.",Python; SQL; AWS/Azure/GCP; IAM; SIEM; Splunk; Kubernetes; Docker; Terraform; Agile; Jira; risk controls; data pipelines; AI automation; incident response,open
J0035,C012,KPMG,Platform Engineer,Dallas,Cloud / Security / Data / AI / Analyst,Tier 1 - attack first,AI-driven workflow productivity and controls,"Join our Platform Engineer team driving AI-driven workflow productivity and controls. You will analyze operational data, design secure cloud architectures, tune SIEM detections, and partner with engineering on platform modernization. Skills: Python, SQL, IAM, SIEM, Splunk, Kubernetes, Docker, Terraform, data pipelines, AI automation, incident response, Agile delivery, business analysis.",Python; SQL; AWS/Azure/GCP; IAM; SIEM; Splunk; Kubernetes; Docker; Terraform; Agile; Jira; risk controls; data pipelines; AI automation; incident response,applied
J0036,C012,KPMG,Business Systems Analyst,Dallas,Cloud / Security / Data / AI / Analyst,Tier 1 - attack first,AI automation governance and measurable outcomes,"The Business Systems Analyst role addresses AI automation governance and measurable outcomes across our DFW technology organization. Build automation scripts, maintain risk control evidence, support incident response, and deliver KPI dashboards. Must have Python, SQL, cloud security fundamentals, data analytics, and strong communication skills.",Python; SQL; AWS/Azure/GCP; IAM; SIEM; Splunk; Kubernetes; Docker; Terraform; Agile; Jira; risk controls; data pipelines; AI automation; incident response,applied
J0037,C013,Deloitte,Technology Risk Analyst,Dallas,Cloud / Security / Data / AI / Analyst,Tier 1 - attack first,"Consulting projects create recurring demand, but sponsorship/role location varies by practice.","We are seeking a Technology Risk Analyst to support Consulting projects create recurring demand, but sponsorship/role location varies by practice.. Responsibilities include building data pipelines with Python and SQL, implementing IAM controls, monitoring with SIEM/Splunk, and automating workflows. Required: Python, SQL, cloud platforms (AWS/Azure/GCP), Kubernetes, Docker, Terraform, Agile/Jira, risk controls, AI automation, incident response. Preferred: experience with data analytics dashboards and stakeholder communication.",Python; SQL; AWS/Azure/GCP; IAM; SIEM; Splunk; Kubernetes; Docker; Terraform; Agile; Jira; risk controls; data pipelines; AI automation; incident response,open
J0038,C013,Deloitte,Technology Risk Analyst,Dallas,Cloud / Security / Data / AI / Analyst,Tier 1 - attack first,AI automation governance and measurable outcomes,"Join our Technology Risk Analyst team driving AI automation governance and measurable outcomes. You will analyze operational data, design secure cloud architectures, tune SIEM detections, and partner with engineering on platform modernization. Skills: Python, SQL, IAM, SIEM, Splunk, Kubernetes, Docker, Terraform, data pipelines, AI automation, incident response, Agile delivery, business analysis.",Python; SQL; AWS/Azure/GCP; IAM; SIEM; Splunk; Kubernetes; Docker; Terraform; Agile; Jira; risk controls; data pipelines; AI automation; incident response,open
J0039,C013,Deloitte,Data Analyst,Dallas,Cloud / Security / Data / AI / Analyst,Tier 1 - attack first,data pipeline reliability and audit readiness,"The Data Analyst role addresses data pipeline reliability and audit readiness across our DFW technology organization. Build automation scripts, maintain risk control evidence, support incident response, and deliver KPI dashboards. Must have Python, SQL, cloud security fundamentals, data analytics, and strong communication skills.",Python; SQL; AWS/Azure/GCP; IAM; SIEM; Splunk; Kubernetes; Docker; Terraform; Agile; Jira; risk controls; data pipelines; AI automation; incident response,applied
J0040,C014,Accenture,Cloud Security Analyst,Dallas,Cloud / Security / Data / AI / Analyst,Tier 1 - attack first,Enterprise transformation projects can match OPT candidates but may be location/client dependent.,"We are seeking a Cloud Security Analyst to support Enterprise transformation projects can match OPT candidates but may be location/client dependent.. Responsibilities include building data pipelines with Python and SQL, implementing IAM controls, monitoring with SIEM/Splunk, and automating workflows. Required: Python, SQL, cloud platforms (AWS/Azure/GCP), Kubernetes, Docker, Terraform, Agile/Jira, risk controls, AI automation, incident response. Preferred: experience with data analytics dashboards and stakeholder communication.",Python; SQL; AWS/Azure/GCP; IAM; SIEM; Splunk; Kubernetes; Docker; Terraform; Agile; Jira; risk controls; data pipelines; AI automation; incident response,open
J0041,C014,Accenture,Cloud Analyst,Dallas,Cloud / Security / Data / AI / Analyst,Tier 1 - attack first,data pipeline reliability and audit readiness,"Join our Cloud Analyst team driving data pipeline reliability and audit readiness. You will analyze operational data, design secure cloud architectures, tune SIEM detections, and partner with engineering on platform modernization. Skills: Python, SQL, IAM, SIEM, Splunk, Kubernetes, Docker, Terraform, data pipelines, AI automation, incident response, Agile delivery, business analysis.",Python; SQL; AWS/Azure/GCP; IAM; SIEM; Splunk; Kubernetes; Docker; Terraform; Agile; Jira; risk controls; data pipelines; AI automation; incident response,contacted
J0042,C014,Accenture,Cloud Analyst,Dallas,Cloud / Security / Data / AI / Analyst,Tier 1 - attack first,risk management and operational data visibility,"The Cloud Analyst role addresses risk management and operational data visibility across our DFW technology organization. Build automation scripts, maintain risk control evidence, support incident response, and deliver KPI dashboards. Must have Python, SQL, cloud security fundamentals, data analytics, and strong communication skills.",Python; SQL; AWS/Azure/GCP; IAM; SIEM; Splunk; Kubernetes; Docker; Terraform; Agile; Jira; risk controls; data pipelines; AI automation; incident response,open
J0043,C015,Cognizant,Operations Technology Analyst,DFW / Texas client sites,Cloud / Security / Data / AI / Analyst,Tier 1 - attack first,"High sponsor evidence; role quality varies by client and project, so validate real project before applying.","We are seeking a Operations Technology Analyst to support High sponsor evidence; role quality varies by client and project, so validate real project before applying.. Responsibilities include building data pipelines with Python and SQL, implementing IAM controls, monitoring with SIEM/Splunk, and automating workflows. Required: Python, SQL, cloud platforms (AWS/Azure/GCP), Kubernetes, Docker, Terraform, Agile/Jira, risk controls, AI automation, incident response. Preferred: experience with data analytics dashboards and stakeholder communication.",Python; SQL; AWS/Azure/GCP; IAM; SIEM; Splunk; Kubernetes; Docker; Terraform; Agile; Jira; risk controls; data pipelines; AI automation; incident response,open
J0044,C015,Cognizant,Technology Analyst,DFW / Texas client sites,Cloud / Security / Data / AI / Analyst,Tier 1 - attack first,platform modernization and secure automation,"Join our Technology Analyst team driving platform modernization and secure automation. You will analyze operational data, design secure cloud architectures, tune SIEM detections, and partner with engineering on platform modernization. Skills: Python, SQL, IAM, SIEM, Splunk, Kubernetes, Docker, Terraform, data pipelines, AI automation, incident response, Agile delivery, business analysis.",Python; SQL; AWS/Azure/GCP; IAM; SIEM; Splunk; Kubernetes; Docker; Terraform; Agile; Jira; risk controls; data pipelines; AI automation; incident response,applied
J0045,C015,Cognizant,Cloud Analyst,DFW / Texas client sites,Cloud / Security / Data / AI / Analyst,Tier 1 - attack first,AI-driven workflow productivity and controls,"The Cloud Analyst role addresses AI-driven workflow productivity and controls across our DFW technology organization. Build automation scripts, maintain risk control evidence, support incident response, and deliver KPI dashboards. Must have Python, SQL, cloud security fundamentals, data analytics, and strong communication skills.",Python; SQL; AWS/Azure/GCP; IAM; SIEM; Splunk; Kubernetes; Docker; Terraform; Agile; Jira; risk controls; data pipelines; AI automation; incident response,open
J0046,C016,Infosys,Operations Technology Analyst,Richardson / Texas client sites,Cloud / Security / Data / AI / Analyst,Tier 1 - attack first,"Strong sponsor history; must filter for real role, direct employment, and DFW relevance.","We are seeking a Operations Technology Analyst to support Strong sponsor history; must filter for real role, direct employment, and DFW relevance.. Responsibilities include building data pipelines with Python and SQL, implementing IAM controls, monitoring with SIEM/Splunk, and automating workflows. Required: Python, SQL, cloud platforms (AWS/Azure/GCP), Kubernetes, Docker, Terraform, Agile/Jira, risk controls, AI automation, incident response. Preferred: experience with data analytics dashboards and stakeholder communication.",Python; SQL; AWS/Azure/GCP; IAM; SIEM; Splunk; Kubernetes; Docker; Terraform; Agile; Jira; risk controls; data pipelines; AI automation; incident response,applied
J0047,C016,Infosys,Technology Analyst,Richardson / Texas client sites,Cloud / Security / Data / AI / Analyst,Tier 1 - attack first,data pipeline reliability and audit readiness,"Join our Technology Analyst team driving data pipeline reliability and audit readiness. You will analyze operational data, design secure cloud architectures, tune SIEM detections, and partner with engineering on platform modernization. Skills: Python, SQL, IAM, SIEM, Splunk, Kubernetes, Docker, Terraform, data pipelines, AI automation, incident response, Agile delivery, business analysis.",Python; SQL; AWS/Azure/GCP; IAM; SIEM; Splunk; Kubernetes; Docker; Terraform; Agile; Jira; risk controls; data pipelines; AI automation; incident response,applied
J0048,C016,Infosys,Platform Engineer,Richardson / Texas client sites,Cloud / Security / Data / AI / Analyst,Tier 1 - attack first,cloud security monitoring and incident response,"The Platform Engineer role addresses cloud security monitoring and incident response across our DFW technology organization. Build automation scripts, maintain risk control evidence, support incident response, and deliver KPI dashboards. Must have Python, SQL, cloud security fundamentals, data analytics, and strong communication skills.",Python; SQL; AWS/Azure/GCP; IAM; SIEM; Splunk; Kubernetes; Docker; Terraform; Agile; Jira; risk controls; data pipelines; AI automation; incident response,open
J0049,C017,Oracle,Cloud Analyst,Austin / Texas + cloud roles,Cloud / Security / Data / AI / Analyst,Tier 2 - strong sponsor / verify DFW,Strong sponsor signal and Texas HQ presence; DFW location may be less consistent.,"We are seeking a Cloud Analyst to support Strong sponsor signal and Texas HQ presence; DFW location may be less consistent.. Responsibilities include building data pipelines with Python and SQL, implementing IAM controls, monitoring with SIEM/Splunk, and automating workflows. Required: Python, SQL, cloud platforms (AWS/Azure/GCP), Kubernetes, Docker, Terraform, Agile/Jira, risk controls, AI automation, incident response. Preferred: experience with data analytics dashboards and stakeholder communication.",Python; SQL; AWS/Azure/GCP; IAM; SIEM; Splunk; Kubernetes; Docker; Terraform; Agile; Jira; risk controls; data pipelines; AI automation; incident response,open
J0050,C017,Oracle,Platform Engineer,Austin / Texas + cloud roles,Cloud / Security / Data / AI / Analyst,Tier 2 - strong sponsor / verify DFW,AI automation governance and measurable outcomes,"Join our Platform Engineer team driving AI automation governance and measurable outcomes. You will analyze operational data, design secure cloud architectures, tune SIEM detections, and partner with engineering on platform modernization. Skills: Python, SQL, IAM, SIEM, Splunk, Kubernetes, Docker, Terraform, data pipelines, AI automation, incident response, Agile delivery, business analysis.",Python; SQL; AWS/Azure/GCP; IAM; SIEM; Splunk; Kubernetes; Docker; Terraform; Agile; Jira; risk controls; data pipelines; AI automation; incident response,open
J0051,C018,Tesla,Data Analyst,Austin / North Texas optional,Cloud / Security / Data / AI / Analyst,Tier 2 - TX sponsor / DFW uncertain,Strong Texas sponsor evidence; DFW fit depends on role location.,"We are seeking a Data Analyst to support Strong Texas sponsor evidence; DFW fit depends on role location.. Responsibilities include building data pipelines with Python and SQL, implementing IAM controls, monitoring with SIEM/Splunk, and automating workflows. Required: Python, SQL, cloud platforms (AWS/Azure/GCP), Kubernetes, Docker, Terraform, Agile/Jira, risk controls, AI automation, incident response. Preferred: experience with data analytics dashboards and stakeholder communication.",Python; SQL; AWS/Azure/GCP; IAM; SIEM; Splunk; Kubernetes; Docker; Terraform; Agile; Jira; risk controls; data pipelines; AI automation; incident response,applied
J0052,C018,Tesla,Technology Risk Analyst,Austin / North Texas optional,Cloud / Security / Data / AI / Analyst,Tier 2 - TX sponsor / DFW uncertain,AI-driven workflow productivity and controls,"Join our Technology Risk Analyst team driving AI-driven workflow productivity and controls. You will analyze operational data, design secure cloud architectures, tune SIEM detections, and partner with engineering on platform modernization. Skills: Python, SQL, IAM, SIEM, Splunk, Kubernetes, Docker, Terraform, data pipelines, AI automation, incident response, Agile delivery, business analysis.",Python; SQL; AWS/Azure/GCP; IAM; SIEM; Splunk; Kubernetes; Docker; Terraform; Agile; Jira; risk controls; data pipelines; AI automation; incident response,open
J0053,C019,Hewlett Packard Enterprise,Cloud Analyst,Plano / Texas,Cloud / Security / Data / AI / Analyst,Tier 2 - strong sponsor / verify roles,HPE’s cloud/infrastructure business aligns well with cloud/security profile.,"We are seeking a Cloud Analyst to support HPE’s cloud/infrastructure business aligns well with cloud/security profile.. Responsibilities include building data pipelines with Python and SQL, implementing IAM controls, monitoring with SIEM/Splunk, and automating workflows. Required: Python, SQL, cloud platforms (AWS/Azure/GCP), Kubernetes, Docker, Terraform, Agile/Jira, risk controls, AI automation, incident response. Preferred: experience with data analytics dashboards and stakeholder communication.",Python; SQL; AWS/Azure/GCP; IAM; SIEM; Splunk; Kubernetes; Docker; Terraform; Agile; Jira; risk controls; data pipelines; AI automation; incident response,contacted
J0054,C019,Hewlett Packard Enterprise,Data Analyst,Plano / Texas,Cloud / Security / Data / AI / Analyst,Tier 2 - strong sponsor / verify roles,AI automation governance and measurable outcomes,"Join our Data Analyst team driving AI automation governance and measurable outcomes. You will analyze operational data, design secure cloud architectures, tune SIEM detections, and partner with engineering on platform modernization. Skills: Python, SQL, IAM, SIEM, Splunk, Kubernetes, Docker, Terraform, data pipelines, AI automation, incident response, Agile delivery, business analysis.",Python; SQL; AWS/Azure/GCP; IAM; SIEM; Splunk; Kubernetes; Docker; Terraform; Agile; Jira; risk controls; data pipelines; AI automation; incident response,open
J0055,C020,Dell Technologies / Dell USA / Dell Products,Data Engineer,Round Rock / Texas; DFW ecosystem,Cloud / Security / Data / AI / Analyst,Tier 2 - strong sponsor / TX,Strong sponsor evidence and enterprise infrastructure alignment; DFW not always primary.,"We are seeking a Data Engineer to support Strong sponsor evidence and enterprise infrastructure alignment; DFW not always primary.. Responsibilities include building data pipelines with Python and SQL, implementing IAM controls, monitoring with SIEM/Splunk, and automating workflows. Required: Python, SQL, cloud platforms (AWS/Azure/GCP), Kubernetes, Docker, Terraform, Agile/Jira, risk controls, AI automation, incident response. Preferred: experience with data analytics dashboards and stakeholder communication.",Python; SQL; AWS/Azure/GCP; IAM; SIEM; Splunk; Kubernetes; Docker; Terraform; Agile; Jira; risk controls; data pipelines; AI automation; incident response,contacted
J0056,C020,Dell Technologies / Dell USA / Dell Products,Data Engineer,Round Rock / Texas; DFW ecosystem,Cloud / Security / Data / AI / Analyst,Tier 2 - strong sponsor / TX,risk management and operational data visibility,"Join our Data Engineer team driving risk management and operational data visibility. You will analyze operational data, design secure cloud architectures, tune SIEM detections, and partner with engineering on platform modernization. Skills: Python, SQL, IAM, SIEM, Splunk, Kubernetes, Docker, Terraform, data pipelines, AI automation, incident response, Agile delivery, business analysis.",Python; SQL; AWS/Azure/GCP; IAM; SIEM; Splunk; Kubernetes; Docker; Terraform; Agile; Jira; risk controls; data pipelines; AI automation; incident response,open
J0057,C021,Texas Instruments,Cloud Analyst,Dallas / Richardson,Cloud / Security / Data / AI / Analyst,Tier 1 - attack first,Semiconductor systems and manufacturing analytics fit data/security/IT paths.,"We are seeking a Cloud Analyst to support Semiconductor systems and manufacturing analytics fit data/security/IT paths.. Responsibilities include building data pipelines with Python and SQL, implementing IAM controls, monitoring with SIEM/Splunk, and automating workflows. Required: Python, SQL, cloud platforms (AWS/Azure/GCP), Kubernetes, Docker, Terraform, Agile/Jira, risk controls, AI automation, incident response. Preferred: experience with data analytics dashboards and stakeholder communication.",Python; SQL; AWS/Azure/GCP; IAM; SIEM; Splunk; Kubernetes; Docker; Terraform; Agile; Jira; risk controls; data pipelines; AI automation; incident response,applied
J0058,C021,Texas Instruments,AI Automation Analyst,Dallas / Richardson,Cloud / Security / Data / AI / Analyst,Tier 1 - attack first,technology risk controls and GRC evidence,"Join our AI Automation Analyst team driving technology risk controls and GRC evidence. You will analyze operational data, design secure cloud architectures, tune SIEM detections, and partner with engineering on platform modernization. Skills: Python, SQL, IAM, SIEM, Splunk, Kubernetes, Docker, Terraform, data pipelines, AI automation, incident response, Agile delivery, business analysis.",Python; SQL; AWS/Azure/GCP; IAM; SIEM; Splunk; Kubernetes; Docker; Terraform; Agile; Jira; risk controls; data pipelines; AI automation; incident response,applied
J0059,C021,Texas Instruments,AI Automation Analyst,Dallas / Richardson,Cloud / Security / Data / AI / Analyst,Tier 1 - attack first,data pipeline reliability and audit readiness,"The AI Automation Analyst role addresses data pipeline reliability and audit readiness across our DFW technology organization. Build automation scripts, maintain risk control evidence, support incident response, and deliver KPI dashboards. Must have Python, SQL, cloud security fundamentals, data analytics, and strong communication skills.",Python; SQL; AWS/Azure/GCP; IAM; SIEM; Splunk; Kubernetes; Docker; Terraform; Agile; Jira; risk controls; data pipelines; AI automation; incident response,open
J0060,C022,American Airlines,Cybersecurity Analyst,Fort Worth,Cloud / Security / Data / AI / Analyst,Tier 1 - attack first,"Airline operations require real-time data, security, cloud, and enterprise systems.","We are seeking a Cybersecurity Analyst to support Airline operations require real-time data, security, cloud, and enterprise systems.. Responsibilities include building data pipelines with Python and SQL, implementing IAM controls, monitoring with SIEM/Splunk, and automating workflows. Required: Python, SQL, cloud platforms (AWS/Azure/GCP), Kubernetes, Docker, Terraform, Agile/Jira, risk controls, AI automation, incident response. Preferred: experience with data analytics dashboards and stakeholder communication.",Python; SQL; AWS/Azure/GCP; IAM; SIEM; Splunk; Kubernetes; Docker; Terraform; Agile; Jira; risk controls; data pipelines; AI automation; incident response,open
J0061,C022,American Airlines,Business Systems Analyst,Fort Worth,Cloud / Security / Data / AI / Analyst,Tier 1 - attack first,AI automation governance and measurable outcomes,"Join our Business Systems Analyst team driving AI automation governance and measurable outcomes. You will analyze operational data, design secure cloud architectures, tune SIEM detections, and partner with engineering on platform modernization. Skills: Python, SQL, IAM, SIEM, Splunk, Kubernetes, Docker, Terraform, data pipelines, AI automation, incident response, Agile delivery, business analysis.",Python; SQL; AWS/Azure/GCP; IAM; SIEM; Splunk; Kubernetes; Docker; Terraform; Agile; Jira; risk controls; data pipelines; AI automation; incident response,open
J0062,C022,American Airlines,Security Engineer,Fort Worth,Cloud / Security / Data / AI / Analyst,Tier 1 - attack first,AI-driven workflow productivity and controls,"The Security Engineer role addresses AI-driven workflow productivity and controls across our DFW technology organization. Build automation scripts, maintain risk control evidence, support incident response, and deliver KPI dashboards. Must have Python, SQL, cloud security fundamentals, data analytics, and strong communication skills.",Python; SQL; AWS/Azure/GCP; IAM; SIEM; Splunk; Kubernetes; Docker; Terraform; Agile; Jira; risk controls; data pipelines; AI automation; incident response,open
J0063,C023,Southwest Airlines,Technology Risk Analyst,Dallas,Cloud / Security / Data / AI / Analyst,Tier 1 - attack first,Airline modernization and operations analytics support matching roles.,"We are seeking a Technology Risk Analyst to support Airline modernization and operations analytics support matching roles.. Responsibilities include building data pipelines with Python and SQL, implementing IAM controls, monitoring with SIEM/Splunk, and automating workflows. Required: Python, SQL, cloud platforms (AWS/Azure/GCP), Kubernetes, Docker, Terraform, Agile/Jira, risk controls, AI automation, incident response. Preferred: experience with data analytics dashboards and stakeholder communication.",Python; SQL; AWS/Azure/GCP; IAM; SIEM; Splunk; Kubernetes; Docker; Terraform; Agile; Jira; risk controls; data pipelines; AI automation; incident response,open
J0064,C023,Southwest Airlines,Security Engineer,Dallas,Cloud / Security / Data / AI / Analyst,Tier 1 - attack first,enterprise IAM and zero-trust implementation,"Join our Security Engineer team driving enterprise IAM and zero-trust implementation. You will analyze operational data, design secure cloud architectures, tune SIEM detections, and partner with engineering on platform modernization. Skills: Python, SQL, IAM, SIEM, Splunk, Kubernetes, Docker, Terraform, data pipelines, AI automation, incident response, Agile delivery, business analysis.",Python; SQL; AWS/Azure/GCP; IAM; SIEM; Splunk; Kubernetes; Docker; Terraform; Agile; Jira; risk controls; data pipelines; AI automation; incident response,applied
J0065,C023,Southwest Airlines,Cloud Security Analyst,Dallas,Cloud / Security / Data / AI / Analyst,Tier 1 - attack first,cloud security monitoring and incident response,"The Cloud Security Analyst role addresses cloud security monitoring and incident response across our DFW technology organization. Build automation scripts, maintain risk control evidence, support incident response, and deliver KPI dashboards. Must have Python, SQL, cloud security fundamentals, data analytics, and strong communication skills.",Python; SQL; AWS/Azure/GCP; IAM; SIEM; Splunk; Kubernetes; Docker; Terraform; Agile; Jira; risk controls; data pipelines; AI automation; incident response,open
J0066,C024,McKesson,Data Analyst,Irving,Cloud / Security / Data / AI / Analyst,Tier 1 - attack first,"Healthcare supply chain and regulated systems create data, security, and compliance roles.","We are seeking a Data Analyst to support Healthcare supply chain and regulated systems create data, security, and compliance roles.. Responsibilities include building data pipelines with Python and SQL, implementing IAM controls, monitoring with SIEM/Splunk, and automating workflows. Required: Python, SQL, cloud platforms (AWS/Azure/GCP), Kubernetes, Docker, Terraform, Agile/Jira, risk controls, AI automation, incident response. Preferred: experience with data analytics dashboards and stakeholder communication.",Python; SQL; AWS/Azure/GCP; IAM; SIEM; Splunk; Kubernetes; Docker; Terraform; Agile; Jira; risk controls; data pipelines; AI automation; incident response,open
J0067,C024,McKesson,Security Engineer,Irving,Cloud / Security / Data / AI / Analyst,Tier 1 - attack first,technology risk controls and GRC evidence,"Join our Security Engineer team driving technology risk controls and GRC evidence. You will analyze operational data, design secure cloud architectures, tune SIEM detections, and partner with engineering on platform modernization. Skills: Python, SQL, IAM, SIEM, Splunk, Kubernetes, Docker, Terraform, data pipelines, AI automation, incident response, Agile delivery, business analysis.",Python; SQL; AWS/Azure/GCP; IAM; SIEM; Splunk; Kubernetes; Docker; Terraform; Agile; Jira; risk controls; data pipelines; AI automation; incident response,contacted
J0068,C024,McKesson,Cybersecurity Analyst,Irving,Cloud / Security / Data / AI / Analyst,Tier 1 - attack first,data pipeline reliability and audit readiness,"The Cybersecurity Analyst role addresses data pipeline reliability and audit readiness across our DFW technology organization. Build automation scripts, maintain risk control evidence, support incident response, and deliver KPI dashboards. Must have Python, SQL, cloud security fundamentals, data analytics, and strong communication skills.",Python; SQL; AWS/Azure/GCP; IAM; SIEM; Splunk; Kubernetes; Docker; Terraform; Agile; Jira; risk controls; data pipelines; AI automation; incident response,applied
J0069,C025,CBRE,Business Systems Analyst,Dallas,Cloud / Security / Data / AI / Analyst,Tier 2 - DFW HQ / verify sponsorship,PropTech and enterprise operations need analytics/platform/security support.,"We are seeking a Business Systems Analyst to support PropTech and enterprise operations need analytics/platform/security support.. Responsibilities include building data pipelines with Python and SQL, implementing IAM controls, monitoring with SIEM/Splunk, and automating workflows. Required: Python, SQL, cloud platforms (AWS/Azure/GCP), Kubernetes, Docker, Terraform, Agile/Jira, risk controls, AI automation, incident response. Preferred: experience with data analytics dashboards and stakeholder communication.",Python; SQL; AWS/Azure/GCP; IAM; SIEM; Splunk; Kubernetes; Docker; Terraform; Agile; Jira; risk controls; data pipelines; AI automation; incident response,open
J0070,C025,CBRE,Operations Technology Analyst,Dallas,Cloud / Security / Data / AI / Analyst,Tier 2 - DFW HQ / verify sponsorship,platform modernization and secure automation,"Join our Operations Technology Analyst team driving platform modernization and secure automation. You will analyze operational data, design secure cloud architectures, tune SIEM detections, and partner with engineering on platform modernization. Skills: Python, SQL, IAM, SIEM, Splunk, Kubernetes, Docker, Terraform, data pipelines, AI automation, incident response, Agile delivery, business analysis.",Python; SQL; AWS/Azure/GCP; IAM; SIEM; Splunk; Kubernetes; Docker; Terraform; Agile; Jira; risk controls; data pipelines; AI automation; incident response,open
J0071,C026,Lockheed Martin,Cloud Security Analyst,Fort Worth / Grand Prairie,Cloud / Security / Data / AI / Analyst,Tier 2 - strong DFW / sponsorship constraints,"Strong DFW role base, but many roles require citizenship/clearance; filter aggressively.","We are seeking a Cloud Security Analyst to support Strong DFW role base, but many roles require citizenship/clearance; filter aggressively.. Responsibilities include building data pipelines with Python and SQL, implementing IAM controls, monitoring with SIEM/Splunk, and automating workflows. Required: Python, SQL, cloud platforms (AWS/Azure/GCP), Kubernetes, Docker, Terraform, Agile/Jira, risk controls, AI automation, incident response. Preferred: experience with data analytics dashboards and stakeholder communication.",Python; SQL; AWS/Azure/GCP; IAM; SIEM; Splunk; Kubernetes; Docker; Terraform; Agile; Jira; risk controls; data pipelines; AI automation; incident response,open
J0072,C026,Lockheed Martin,Business Systems Analyst,Fort Worth / Grand Prairie,Cloud / Security / Data / AI / Analyst,Tier 2 - strong DFW / sponsorship constraints,platform modernization and secure automation,"Join our Business Systems Analyst team driving platform modernization and secure automation. You will analyze operational data, design secure cloud architectures, tune SIEM detections, and partner with engineering on platform modernization. Skills: Python, SQL, IAM, SIEM, Splunk, Kubernetes, Docker, Terraform, data pipelines, AI automation, incident response, Agile delivery, business analysis.",Python; SQL; AWS/Azure/GCP; IAM; SIEM; Splunk; Kubernetes; Docker; Terraform; Agile; Jira; risk controls; data pipelines; AI automation; incident response,contacted
J0073,C027,Raytheon / RTX,Data Engineer,McKinney / Richardson,Cloud / Security / Data / AI / Analyst,Tier 2 - strong DFW / sponsorship constraints,"DFW aerospace/defense systems roles exist, but citizenship restrictions can create noise.","We are seeking a Data Engineer to support DFW aerospace/defense systems roles exist, but citizenship restrictions can create noise.. Responsibilities include building data pipelines with Python and SQL, implementing IAM controls, monitoring with SIEM/Splunk, and automating workflows. Required: Python, SQL, cloud platforms (AWS/Azure/GCP), Kubernetes, Docker, Terraform, Agile/Jira, risk controls, AI automation, incident response. Preferred: experience with data analytics dashboards and stakeholder communication.",Python; SQL; AWS/Azure/GCP; IAM; SIEM; Splunk; Kubernetes; Docker; Terraform; Agile; Jira; risk controls; data pipelines; AI automation; incident response,open
J0074,C027,Raytheon / RTX,Technology Analyst,McKinney / Richardson,Cloud / Security / Data / AI / Analyst,Tier 2 - strong DFW / sponsorship constraints,data pipeline reliability and audit readiness,"Join our Technology Analyst team driving data pipeline reliability and audit readiness. You will analyze operational data, design secure cloud architectures, tune SIEM detections, and partner with engineering on platform modernization. Skills: Python, SQL, IAM, SIEM, Splunk, Kubernetes, Docker, Terraform, data pipelines, AI automation, incident response, Agile delivery, business analysis.",Python; SQL; AWS/Azure/GCP; IAM; SIEM; Splunk; Kubernetes; Docker; Terraform; Agile; Jira; risk controls; data pipelines; AI automation; incident response,open
J0075,C028,BNSF Railway,Platform Engineer,Fort Worth,Cloud / Security / Data / AI / Analyst,Tier 2 - DFW HQ / verify sponsorship,"Logistics and rail operations need data, security, and enterprise systems.","We are seeking a Platform Engineer to support Logistics and rail operations need data, security, and enterprise systems.. Responsibilities include building data pipelines with Python and SQL, implementing IAM controls, monitoring with SIEM/Splunk, and automating workflows. Required: Python, SQL, cloud platforms (AWS/Azure/GCP), Kubernetes, Docker, Terraform, Agile/Jira, risk controls, AI automation, incident response. Preferred: experience with data analytics dashboards and stakeholder communication.",Python; SQL; AWS/Azure/GCP; IAM; SIEM; Splunk; Kubernetes; Docker; Terraform; Agile; Jira; risk controls; data pipelines; AI automation; incident response,contacted
J0076,C028,BNSF Railway,Business Systems Analyst,Fort Worth,Cloud / Security / Data / AI / Analyst,Tier 2 - DFW HQ / verify sponsorship,technology risk controls and GRC evidence,"Join our Business Systems Analyst team driving technology risk controls and GRC evidence. You will analyze operational data, design secure cloud architectures, tune SIEM detections, and partner with engineering on platform modernization. Skills: Python, SQL, IAM, SIEM, Splunk, Kubernetes, Docker, Terraform, data pipelines, AI automation, incident response, Agile delivery, business analysis.",Python; SQL; AWS/Azure/GCP; IAM; SIEM; Splunk; Kubernetes; Docker; Terraform; Agile; Jira; risk controls; data pipelines; AI automation; incident response,contacted
J0077,C029,GM Financial,Cloud Analyst,Fort Worth,Cloud / Security / Data / AI / Analyst,Tier 2 - DFW HQ / verify sponsorship,"Financial services and auto lending drive risk, data, and platform roles.","We are seeking a Cloud Analyst to support Financial services and auto lending drive risk, data, and platform roles.. Responsibilities include building data pipelines with Python and SQL, implementing IAM controls, monitoring with SIEM/Splunk, and automating workflows. Required: Python, SQL, cloud platforms (AWS/Azure/GCP), Kubernetes, Docker, Terraform, Agile/Jira, risk controls, AI automation, incident response. Preferred: experience with data analytics dashboards and stakeholder communication.",Python; SQL; AWS/Azure/GCP; IAM; SIEM; Splunk; Kubernetes; Docker; Terraform; Agile; Jira; risk controls; data pipelines; AI automation; incident response,open
J0078,C029,GM Financial,Platform Engineer,Fort Worth,Cloud / Security / Data / AI / Analyst,Tier 2 - DFW HQ / verify sponsorship,platform modernization and secure automation,"Join our Platform Engineer team driving platform modernization and secure automation. You will analyze operational data, design secure cloud architectures, tune SIEM detections, and partner with engineering on platform modernization. Skills: Python, SQL, IAM, SIEM, Splunk, Kubernetes, Docker, Terraform, data pipelines, AI automation, incident response, Agile delivery, business analysis.",Python; SQL; AWS/Azure/GCP; IAM; SIEM; Splunk; Kubernetes; Docker; Terraform; Agile; Jira; risk controls; data pipelines; AI automation; incident response,open
J0079,C030,Sabre,Cloud Security Analyst,Southlake,Cloud / Security / Data / AI / Analyst,Tier 2 - DFW tech / verify sponsorship,"Travel platforms require software, cloud, data, and security talent.","We are seeking a Cloud Security Analyst to support Travel platforms require software, cloud, data, and security talent.. Responsibilities include building data pipelines with Python and SQL, implementing IAM controls, monitoring with SIEM/Splunk, and automating workflows. Required: Python, SQL, cloud platforms (AWS/Azure/GCP), Kubernetes, Docker, Terraform, Agile/Jira, risk controls, AI automation, incident response. Preferred: experience with data analytics dashboards and stakeholder communication.",Python; SQL; AWS/Azure/GCP; IAM; SIEM; Splunk; Kubernetes; Docker; Terraform; Agile; Jira; risk controls; data pipelines; AI automation; incident response,applied
J0080,C030,Sabre,Technology Risk Analyst,Southlake,Cloud / Security / Data / AI / Analyst,Tier 2 - DFW tech / verify sponsorship,AI-driven workflow productivity and controls,"Join our Technology Risk Analyst team driving AI-driven workflow productivity and controls. You will analyze operational data, design secure cloud architectures, tune SIEM detections, and partner with engineering on platform modernization. Skills: Python, SQL, IAM, SIEM, Splunk, Kubernetes, Docker, Terraform, data pipelines, AI automation, incident response, Agile delivery, business analysis.",Python; SQL; AWS/Azure/GCP; IAM; SIEM; Splunk; Kubernetes; Docker; Terraform; Agile; Jira; risk controls; data pipelines; AI automation; incident response,open
J0081,C031,Alkami Technology,Data Analyst,Plano,Cloud / Security / Data / AI / Analyst,Tier 2 - DFW tech / verify sponsorship,"SaaS financial platform needs engineering, cloud, and cybersecurity talent.","We are seeking a Data Analyst to support SaaS financial platform needs engineering, cloud, and cybersecurity talent.. Responsibilities include building data pipelines with Python and SQL, implementing IAM controls, monitoring with SIEM/Splunk, and automating workflows. Required: Python, SQL, cloud platforms (AWS/Azure/GCP), Kubernetes, Docker, Terraform, Agile/Jira, risk controls, AI automation, incident response. Preferred: experience with data analytics dashboards and stakeholder communication.",Python; SQL; AWS/Azure/GCP; IAM; SIEM; Splunk; Kubernetes; Docker; Terraform; Agile; Jira; risk controls; data pipelines; AI automation; incident response,open
J0082,C031,Alkami Technology,Technology Risk Analyst,Plano,Cloud / Security / Data / AI / Analyst,Tier 2 - DFW tech / verify sponsorship,AI-driven workflow productivity and controls,"Join our Technology Risk Analyst team driving AI-driven workflow productivity and controls. You will analyze operational data, design secure cloud architectures, tune SIEM detections, and partner with engineering on platform modernization. Skills: Python, SQL, IAM, SIEM, Splunk, Kubernetes, Docker, Terraform, data pipelines, AI automation, incident response, Agile delivery, business analysis.",Python; SQL; AWS/Azure/GCP; IAM; SIEM; Splunk; Kubernetes; Docker; Terraform; Agile; Jira; risk controls; data pipelines; AI automation; incident response,applied
J0083,C032,Tyler Technologies,Data Analyst,Plano,Cloud / Security / Data / AI / Analyst,Tier 2 - DFW tech / verify sponsorship,GovTech software requires secure cloud systems and analytics.,"We are seeking a Data Analyst to support GovTech software requires secure cloud systems and analytics.. Responsibilities include building data pipelines with Python and SQL, implementing IAM controls, monitoring with SIEM/Splunk, and automating workflows. Required: Python, SQL, cloud platforms (AWS/Azure/GCP), Kubernetes, Docker, Terraform, Agile/Jira, risk controls, AI automation, incident response. Preferred: experience with data analytics dashboards and stakeholder communication.",Python; SQL; AWS/Azure/GCP; IAM; SIEM; Splunk; Kubernetes; Docker; Terraform; Agile; Jira; risk controls; data pipelines; AI automation; incident response,open
J0084,C032,Tyler Technologies,Cybersecurity Analyst,Plano,Cloud / Security / Data / AI / Analyst,Tier 2 - DFW tech / verify sponsorship,enterprise IAM and zero-trust implementation,"Join our Cybersecurity Analyst team driving enterprise IAM and zero-trust implementation. You will analyze operational data, design secure cloud architectures, tune SIEM detections, and partner with engineering on platform modernization. Skills: Python, SQL, IAM, SIEM, Splunk, Kubernetes, Docker, Terraform, data pipelines, AI automation, incident response, Agile delivery, business analysis.",Python; SQL; AWS/Azure/GCP; IAM; SIEM; Splunk; Kubernetes; Docker; Terraform; Agile; Jira; risk controls; data pipelines; AI automation; incident response,open
J0085,C033,State Farm,Data Engineer,Richardson,Cloud / Security / Data / AI / Analyst,Tier 2 - DFW hub / verify sponsorship,"Insurance tech requires risk analytics, cloud, and security controls.","We are seeking a Data Engineer to support Insurance tech requires risk analytics, cloud, and security controls.. Responsibilities include building data pipelines with Python and SQL, implementing IAM controls, monitoring with SIEM/Splunk, and automating workflows. Required: Python, SQL, cloud platforms (AWS/Azure/GCP), Kubernetes, Docker, Terraform, Agile/Jira, risk controls, AI automation, incident response. Preferred: experience with data analytics dashboards and stakeholder communication.",Python; SQL; AWS/Azure/GCP; IAM; SIEM; Splunk; Kubernetes; Docker; Terraform; Agile; Jira; risk controls; data pipelines; AI automation; incident response,contacted
J0086,C033,State Farm,Business Systems Analyst,Richardson,Cloud / Security / Data / AI / Analyst,Tier 2 - DFW hub / verify sponsorship,AI-driven workflow productivity and controls,"Join our Business Systems Analyst team driving AI-driven workflow productivity and controls. You will analyze operational data, design secure cloud architectures, tune SIEM detections, and partner with engineering on platform modernization. Skills: Python, SQL, IAM, SIEM, Splunk, Kubernetes, Docker, Terraform, data pipelines, AI automation, incident response, Agile delivery, business analysis.",Python; SQL; AWS/Azure/GCP; IAM; SIEM; Splunk; Kubernetes; Docker; Terraform; Agile; Jira; risk controls; data pipelines; AI automation; incident response,open
J0087,C034,Liberty Mutual,Data Engineer,Plano,Cloud / Security / Data / AI / Analyst,Tier 2 - DFW hub / verify sponsorship,"Insurance platforms need analytics, security, and cloud modernization.","We are seeking a Data Engineer to support Insurance platforms need analytics, security, and cloud modernization.. Responsibilities include building data pipelines with Python and SQL, implementing IAM controls, monitoring with SIEM/Splunk, and automating workflows. Required: Python, SQL, cloud platforms (AWS/Azure/GCP), Kubernetes, Docker, Terraform, Agile/Jira, risk controls, AI automation, incident response. Preferred: experience with data analytics dashboards and stakeholder communication.",Python; SQL; AWS/Azure/GCP; IAM; SIEM; Splunk; Kubernetes; Docker; Terraform; Agile; Jira; risk controls; data pipelines; AI automation; incident response,contacted
J0088,C034,Liberty Mutual,Cloud Analyst,Plano,Cloud / Security / Data / AI / Analyst,Tier 2 - DFW hub / verify sponsorship,enterprise IAM and zero-trust implementation,"Join our Cloud Analyst team driving enterprise IAM and zero-trust implementation. You will analyze operational data, design secure cloud architectures, tune SIEM detections, and partner with engineering on platform modernization. Skills: Python, SQL, IAM, SIEM, Splunk, Kubernetes, Docker, Terraform, data pipelines, AI automation, incident response, Agile delivery, business analysis.",Python; SQL; AWS/Azure/GCP; IAM; SIEM; Splunk; Kubernetes; Docker; Terraform; Agile; Jira; risk controls; data pipelines; AI automation; incident response,open
J0089,C035,PepsiCo / Frito-Lay,Data Engineer,Plano,Cloud / Security / Data / AI / Analyst,Tier 2 - DFW hub / verify sponsorship,Large CPG operations create data and supply-chain technology needs.,"We are seeking a Data Engineer to support Large CPG operations create data and supply-chain technology needs.. Responsibilities include building data pipelines with Python and SQL, implementing IAM controls, monitoring with SIEM/Splunk, and automating workflows. Required: Python, SQL, cloud platforms (AWS/Azure/GCP), Kubernetes, Docker, Terraform, Agile/Jira, risk controls, AI automation, incident response. Preferred: experience with data analytics dashboards and stakeholder communication.",Python; SQL; AWS/Azure/GCP; IAM; SIEM; Splunk; Kubernetes; Docker; Terraform; Agile; Jira; risk controls; data pipelines; AI automation; incident response,open
J0090,C035,PepsiCo / Frito-Lay,Security Engineer,Plano,Cloud / Security / Data / AI / Analyst,Tier 2 - DFW hub / verify sponsorship,technology risk controls and GRC evidence,"Join our Security Engineer team driving technology risk controls and GRC evidence. You will analyze operational data, design secure cloud architectures, tune SIEM detections, and partner with engineering on platform modernization. Skills: Python, SQL, IAM, SIEM, Splunk, Kubernetes, Docker, Terraform, data pipelines, AI automation, incident response, Agile delivery, business analysis.",Python; SQL; AWS/Azure/GCP; IAM; SIEM; Splunk; Kubernetes; Docker; Terraform; Agile; Jira; risk controls; data pipelines; AI automation; incident response,open
J0091,C036,Wells Fargo,Data Engineer,Irving / Dallas,Cloud / Security / Data / AI / Analyst,Tier 2 - strong finance / verify DFW,"Banking compliance, risk, and modernization create relevant roles.","We are seeking a Data Engineer to support Banking compliance, risk, and modernization create relevant roles.. Responsibilities include building data pipelines with Python and SQL, implementing IAM controls, monitoring with SIEM/Splunk, and automating workflows. Required: Python, SQL, cloud platforms (AWS/Azure/GCP), Kubernetes, Docker, Terraform, Agile/Jira, risk controls, AI automation, incident response. Preferred: experience with data analytics dashboards and stakeholder communication.",Python; SQL; AWS/Azure/GCP; IAM; SIEM; Splunk; Kubernetes; Docker; Terraform; Agile; Jira; risk controls; data pipelines; AI automation; incident response,applied
J0092,C036,Wells Fargo,AI Automation Analyst,Irving / Dallas,Cloud / Security / Data / AI / Analyst,Tier 2 - strong finance / verify DFW,platform modernization and secure automation,"Join our AI Automation Analyst team driving platform modernization and secure automation. You will analyze operational data, design secure cloud architectures, tune SIEM detections, and partner with engineering on platform modernization. Skills: Python, SQL, IAM, SIEM, Splunk, Kubernetes, Docker, Terraform, data pipelines, AI automation, incident response, Agile delivery, business analysis.",Python; SQL; AWS/Azure/GCP; IAM; SIEM; Splunk; Kubernetes; Docker; Terraform; Agile; Jira; risk controls; data pipelines; AI automation; incident response,open
J0093,C037,Morgan Stanley,Data Analyst,Dallas,Cloud / Security / Data / AI / Analyst,Tier 2 - future expansion / verify roles,Dallas regional expansion implies future hiring; active roles must be checked.,"We are seeking a Data Analyst to support Dallas regional expansion implies future hiring; active roles must be checked.. Responsibilities include building data pipelines with Python and SQL, implementing IAM controls, monitoring with SIEM/Splunk, and automating workflows. Required: Python, SQL, cloud platforms (AWS/Azure/GCP), Kubernetes, Docker, Terraform, Agile/Jira, risk controls, AI automation, incident response. Preferred: experience with data analytics dashboards and stakeholder communication.",Python; SQL; AWS/Azure/GCP; IAM; SIEM; Splunk; Kubernetes; Docker; Terraform; Agile; Jira; risk controls; data pipelines; AI automation; incident response,applied
J0094,C037,Morgan Stanley,Platform Engineer,Dallas,Cloud / Security / Data / AI / Analyst,Tier 2 - future expansion / verify roles,cloud security monitoring and incident response,"Join our Platform Engineer team driving cloud security monitoring and incident response. You will analyze operational data, design secure cloud architectures, tune SIEM detections, and partner with engineering on platform modernization. Skills: Python, SQL, IAM, SIEM, Splunk, Kubernetes, Docker, Terraform, data pipelines, AI automation, incident response, Agile delivery, business analysis.",Python; SQL; AWS/Azure/GCP; IAM; SIEM; Splunk; Kubernetes; Docker; Terraform; Agile; Jira; risk controls; data pipelines; AI automation; incident response,contacted
J0095,C038,Nasdaq,Cybersecurity Analyst,Dallas,Cloud / Security / Data / AI / Analyst,Tier 2 - emerging DFW / verify sponsorship,Dallas finance exchange expansion creates tech/data/business operations angles.,"We are seeking a Cybersecurity Analyst to support Dallas finance exchange expansion creates tech/data/business operations angles.. Responsibilities include building data pipelines with Python and SQL, implementing IAM controls, monitoring with SIEM/Splunk, and automating workflows. Required: Python, SQL, cloud platforms (AWS/Azure/GCP), Kubernetes, Docker, Terraform, Agile/Jira, risk controls, AI automation, incident response. Preferred: experience with data analytics dashboards and stakeholder communication.",Python; SQL; AWS/Azure/GCP; IAM; SIEM; Splunk; Kubernetes; Docker; Terraform; Agile; Jira; risk controls; data pipelines; AI automation; incident response,contacted
J0096,C038,Nasdaq,Technology Risk Analyst,Dallas,Cloud / Security / Data / AI / Analyst,Tier 2 - emerging DFW / verify sponsorship,AI automation governance and measurable outcomes,"Join our Technology Risk Analyst team driving AI automation governance and measurable outcomes. You will analyze operational data, design secure cloud architectures, tune SIEM detections, and partner with engineering on platform modernization. Skills: Python, SQL, IAM, SIEM, Splunk, Kubernetes, Docker, Terraform, data pipelines, AI automation, incident response, Agile delivery, business analysis.",Python; SQL; AWS/Azure/GCP; IAM; SIEM; Splunk; Kubernetes; Docker; Terraform; Agile; Jira; risk controls; data pipelines; AI automation; incident response,contacted
J0097,C039,NYSE Texas / Intercontinental Exchange,Cloud Security Analyst,Dallas,Cloud / Security / Data / AI / Analyst,Tier 2 - emerging DFW / verify sponsorship,New Dallas exchange presence creates networking opportunity before roles mature.,"We are seeking a Cloud Security Analyst to support New Dallas exchange presence creates networking opportunity before roles mature.. Responsibilities include building data pipelines with Python and SQL, implementing IAM controls, monitoring with SIEM/Splunk, and automating workflows. Required: Python, SQL, cloud platforms (AWS/Azure/GCP), Kubernetes, Docker, Terraform, Agile/Jira, risk controls, AI automation, incident response. Preferred: experience with data analytics dashboards and stakeholder communication.",Python; SQL; AWS/Azure/GCP; IAM; SIEM; Splunk; Kubernetes; Docker; Terraform; Agile; Jira; risk controls; data pipelines; AI automation; incident response,contacted
J0098,C039,NYSE Texas / Intercontinental Exchange,Technology Analyst,Dallas,Cloud / Security / Data / AI / Analyst,Tier 2 - emerging DFW / verify sponsorship,AI-driven workflow productivity and controls,"Join our Technology Analyst team driving AI-driven workflow productivity and controls. You will analyze operational data, design secure cloud architectures, tune SIEM detections, and partner with engineering on platform modernization. Skills: Python, SQL, IAM, SIEM, Splunk, Kubernetes, Docker, Terraform, data pipelines, AI automation, incident response, Agile delivery, business analysis.",Python; SQL; AWS/Azure/GCP; IAM; SIEM; Splunk; Kubernetes; Docker; Terraform; Agile; Jira; risk controls; data pipelines; AI automation; incident response,contacted
J0099,C040,Siemens Industry Software,Data Analyst,Plano / Texas,Cloud / Security / Data / AI / Analyst,Tier 2 - sponsor / tech fit,Industrial software and digital twin platforms create strong tech roles.,"We are seeking a Data Analyst to support Industrial software and digital twin platforms create strong tech roles.. Responsibilities include building data pipelines with Python and SQL, implementing IAM controls, monitoring with SIEM/Splunk, and automating workflows. Required: Python, SQL, cloud platforms (AWS/Azure/GCP), Kubernetes, Docker, Terraform, Agile/Jira, risk controls, AI automation, incident response. Preferred: experience with data analytics dashboards and stakeholder communication.",Python; SQL; AWS/Azure/GCP; IAM; SIEM; Splunk; Kubernetes; Docker; Terraform; Agile; Jira; risk controls; data pipelines; AI automation; incident response,open
J0100,C040,Siemens Industry Software,Security Engineer,Plano / Texas,Cloud / Security / Data / AI / Analyst,Tier 2 - sponsor / tech fit,AI-driven workflow productivity and controls,"Join our Security Engineer team driving AI-driven workflow productivity and controls. You will analyze operational data, design secure cloud architectures, tune SIEM detections, and partner with engineering on platform modernization. Skills: Python, SQL, IAM, SIEM, Splunk, Kubernetes, Docker, Terraform, data pipelines, AI automation, incident response, Agile delivery, business analysis.",Python; SQL; AWS/Azure/GCP; IAM; SIEM; Splunk; Kubernetes; Docker; Terraform; Agile; Jira; risk controls; data pipelines; AI automation; incident response,open
J0101,C041,NXP USA,Business Systems Analyst,Dallas / Austin,Cloud / Security / Data / AI / Analyst,Tier 2 - sponsor / tech fit,Semiconductor operations generate data/security/IT roles; DFW location must be verified.,"We are seeking a Business Systems Analyst to support Semiconductor operations generate data/security/IT roles; DFW location must be verified.. Responsibilities include building data pipelines with Python and SQL, implementing IAM controls, monitoring with SIEM/Splunk, and automating workflows. Required: Python, SQL, cloud platforms (AWS/Azure/GCP), Kubernetes, Docker, Terraform, Agile/Jira, risk controls, AI automation, incident response. Preferred: experience with data analytics dashboards and stakeholder communication.",Python; SQL; AWS/Azure/GCP; IAM; SIEM; Splunk; Kubernetes; Docker; Terraform; Agile; Jira; risk controls; data pipelines; AI automation; incident response,open
J0102,C041,NXP USA,Business Systems Analyst,Dallas / Austin,Cloud / Security / Data / AI / Analyst,Tier 2 - sponsor / tech fit,enterprise IAM and zero-trust implementation,"Join our Business Systems Analyst team driving enterprise IAM and zero-trust implementation. You will analyze operational data, design secure cloud architectures, tune SIEM detections, and partner with engineering on platform modernization. Skills: Python, SQL, IAM, SIEM, Splunk, Kubernetes, Docker, Terraform, data pipelines, AI automation, incident response, Agile delivery, business analysis.",Python; SQL; AWS/Azure/GCP; IAM; SIEM; Splunk; Kubernetes; Docker; Terraform; Agile; Jira; risk controls; data pipelines; AI automation; incident response,open
J0103,C042,Indeed,Business Systems Analyst,Austin / Texas / Remote,Cloud / Security / Data / AI / Analyst,Tier 2 - sponsor / TX,Strong data platform and HR-tech fit; DFW role fit depends on remote/TX availability.,"We are seeking a Business Systems Analyst to support Strong data platform and HR-tech fit; DFW role fit depends on remote/TX availability.. Responsibilities include building data pipelines with Python and SQL, implementing IAM controls, monitoring with SIEM/Splunk, and automating workflows. Required: Python, SQL, cloud platforms (AWS/Azure/GCP), Kubernetes, Docker, Terraform, Agile/Jira, risk controls, AI automation, incident response. Preferred: experience with data analytics dashboards and stakeholder communication.",Python; SQL; AWS/Azure/GCP; IAM; SIEM; Splunk; Kubernetes; Docker; Terraform; Agile; Jira; risk controls; data pipelines; AI automation; incident response,contacted
J0104,C042,Indeed,Data Analyst,Austin / Texas / Remote,Cloud / Security / Data / AI / Analyst,Tier 2 - sponsor / TX,risk management and operational data visibility,"Join our Data Analyst team driving risk management and operational data visibility. You will analyze operational data, design secure cloud architectures, tune SIEM detections, and partner with engineering on platform modernization. Skills: Python, SQL, IAM, SIEM, Splunk, Kubernetes, Docker, Terraform, data pipelines, AI automation, incident response, Agile delivery, business analysis.",Python; SQL; AWS/Azure/GCP; IAM; SIEM; Splunk; Kubernetes; Docker; Terraform; Agile; Jira; risk controls; data pipelines; AI automation; incident response,applied
J0105,C043,UT Southwestern Medical Center,Cybersecurity Analyst,Dallas,Cloud / Security / Data / AI / Analyst,Tier 2 - sponsor / local,Healthcare/research environment supports data and systems roles; compensation/sponsorship varies.,"We are seeking a Cybersecurity Analyst to support Healthcare/research environment supports data and systems roles; compensation/sponsorship varies.. Responsibilities include building data pipelines with Python and SQL, implementing IAM controls, monitoring with SIEM/Splunk, and automating workflows. Required: Python, SQL, cloud platforms (AWS/Azure/GCP), Kubernetes, Docker, Terraform, Agile/Jira, risk controls, AI automation, incident response. Preferred: experience with data analytics dashboards and stakeholder communication.",Python; SQL; AWS/Azure/GCP; IAM; SIEM; Splunk; Kubernetes; Docker; Terraform; Agile; Jira; risk controls; data pipelines; AI automation; incident response,contacted
J0106,C043,UT Southwestern Medical Center,Data Analyst,Dallas,Cloud / Security / Data / AI / Analyst,Tier 2 - sponsor / local,AI automation governance and measurable outcomes,"Join our Data Analyst team driving AI automation governance and measurable outcomes. You will analyze operational data, design secure cloud architectures, tune SIEM detections, and partner with engineering on platform modernization. Skills: Python, SQL, IAM, SIEM, Splunk, Kubernetes, Docker, Terraform, data pipelines, AI automation, incident response, Agile delivery, business analysis.",Python; SQL; AWS/Azure/GCP; IAM; SIEM; Splunk; Kubernetes; Docker; Terraform; Agile; Jira; risk controls; data pipelines; AI automation; incident response,applied
J0107,C044,Dallas Independent School District,Cloud Analyst,Dallas,Cloud / Security / Data / AI / Analyst,Tier 3 - local / sponsor signal,"Local institution with sponsor signal, but role fit and salary may vary.","We are seeking a Cloud Analyst to support Local institution with sponsor signal, but role fit and salary may vary.. Responsibilities include building data pipelines with Python and SQL, implementing IAM controls, monitoring with SIEM/Splunk, and automating workflows. Required: Python, SQL, cloud platforms (AWS/Azure/GCP), Kubernetes, Docker, Terraform, Agile/Jira, risk controls, AI automation, incident response. Preferred: experience with data analytics dashboards and stakeholder communication.",Python; SQL; AWS/Azure/GCP; IAM; SIEM; Splunk; Kubernetes; Docker; Terraform; Agile; Jira; risk controls; data pipelines; AI automation; incident response,open
J0108,C045,Baylor College of Medicine / Baylor Scott & White ecosystem,Technology Analyst,Dallas / Texas,Cloud / Security / Data / AI / Analyst,Tier 2 - sponsor / healthcare,Healthcare/research systems demand data and security talent; DFW entity must be matched carefully.,"We are seeking a Technology Analyst to support Healthcare/research systems demand data and security talent; DFW entity must be matched carefully.. Responsibilities include building data pipelines with Python and SQL, implementing IAM controls, monitoring with SIEM/Splunk, and automating workflows. Required: Python, SQL, cloud platforms (AWS/Azure/GCP), Kubernetes, Docker, Terraform, Agile/Jira, risk controls, AI automation, incident response. Preferred: experience with data analytics dashboards and stakeholder communication.",Python; SQL; AWS/Azure/GCP; IAM; SIEM; Splunk; Kubernetes; Docker; Terraform; Agile; Jira; risk controls; data pipelines; AI automation; incident response,applied
J0109,C045,Baylor College of Medicine / Baylor Scott & White ecosystem,Data Engineer,Dallas / Texas,Cloud / Security / Data / AI / Analyst,Tier 2 - sponsor / healthcare,AI-driven workflow productivity and controls,"Join our Data Engineer team driving AI-driven workflow productivity and controls. You will analyze operational data, design secure cloud architectures, tune SIEM detections, and partner with engineering on platform modernization. Skills: Python, SQL, IAM, SIEM, Splunk, Kubernetes, Docker, Terraform, data pipelines, AI automation, incident response, Agile delivery, business analysis.",Python; SQL; AWS/Azure/GCP; IAM; SIEM; Splunk; Kubernetes; Docker; Terraform; Agile; Jira; risk controls; data pipelines; AI automation; incident response,contacted
J0110,C046,Fluor Corporation,Cloud Security Analyst,Irving,Cloud / Security / Data / AI / Analyst,Tier 2 - DFW HQ / verify sponsorship,"Engineering project delivery creates systems, data, and security operations roles.","We are seeking a Cloud Security Analyst to support Engineering project delivery creates systems, data, and security operations roles.. Responsibilities include building data pipelines with Python and SQL, implementing IAM controls, monitoring with SIEM/Splunk, and automating workflows. Required: Python, SQL, cloud platforms (AWS/Azure/GCP), Kubernetes, Docker, Terraform, Agile/Jira, risk controls, AI automation, incident response. Preferred: experience with data analytics dashboards and stakeholder communication.",Python; SQL; AWS/Azure/GCP; IAM; SIEM; Splunk; Kubernetes; Docker; Terraform; Agile; Jira; risk controls; data pipelines; AI automation; incident response,applied
J0111,C046,Fluor Corporation,Cloud Security Analyst,Irving,Cloud / Security / Data / AI / Analyst,Tier 2 - DFW HQ / verify sponsorship,cloud security monitoring and incident response,"Join our Cloud Security Analyst team driving cloud security monitoring and incident response. You will analyze operational data, design secure cloud architectures, tune SIEM detections, and partner with engineering on platform modernization. Skills: Python, SQL, IAM, SIEM, Splunk, Kubernetes, Docker, Terraform, data pipelines, AI automation, incident response, Agile delivery, business analysis.",Python; SQL; AWS/Azure/GCP; IAM; SIEM; Splunk; Kubernetes; Docker; Terraform; Agile; Jira; risk controls; data pipelines; AI automation; incident response,open
J0112,C047,Jacobs Solutions,Security Engineer,Dallas,Cloud / Security / Data / AI / Analyst,Tier 2 - DFW HQ / verify sponsorship,Infrastructure and engineering modernization create data/digital/security roles.,"We are seeking a Security Engineer to support Infrastructure and engineering modernization create data/digital/security roles.. Responsibilities include building data pipelines with Python and SQL, implementing IAM controls, monitoring with SIEM/Splunk, and automating workflows. Required: Python, SQL, cloud platforms (AWS/Azure/GCP), Kubernetes, Docker, Terraform, Agile/Jira, risk controls, AI automation, incident response. Preferred: experience with data analytics dashboards and stakeholder communication.",Python; SQL; AWS/Azure/GCP; IAM; SIEM; Splunk; Kubernetes; Docker; Terraform; Agile; Jira; risk controls; data pipelines; AI automation; incident response,open
J0113,C047,Jacobs Solutions,Operations Technology Analyst,Dallas,Cloud / Security / Data / AI / Analyst,Tier 2 - DFW HQ / verify sponsorship,data pipeline reliability and audit readiness,"Join our Operations Technology Analyst team driving data pipeline reliability and audit readiness. You will analyze operational data, design secure cloud architectures, tune SIEM detections, and partner with engineering on platform modernization. Skills: Python, SQL, IAM, SIEM, Splunk, Kubernetes, Docker, Terraform, data pipelines, AI automation, incident response, Agile delivery, business analysis.",Python; SQL; AWS/Azure/GCP; IAM; SIEM; Splunk; Kubernetes; Docker; Terraform; Agile; Jira; risk controls; data pipelines; AI automation; incident response,open
J0114,C048,Kimberly-Clark,Operations Technology Analyst,Irving,Cloud / Security / Data / AI / Analyst,Tier 2 - DFW HQ / verify sponsorship,Large enterprise and supply chain operations need analytics and secure systems.,"We are seeking a Operations Technology Analyst to support Large enterprise and supply chain operations need analytics and secure systems.. Responsibilities include building data pipelines with Python and SQL, implementing IAM controls, monitoring with SIEM/Splunk, and automating workflows. Required: Python, SQL, cloud platforms (AWS/Azure/GCP), Kubernetes, Docker, Terraform, Agile/Jira, risk controls, AI automation, incident response. Preferred: experience with data analytics dashboards and stakeholder communication.",Python; SQL; AWS/Azure/GCP; IAM; SIEM; Splunk; Kubernetes; Docker; Terraform; Agile; Jira; risk controls; data pipelines; AI automation; incident response,open
J0115,C048,Kimberly-Clark,Operations Technology Analyst,Irving,Cloud / Security / Data / AI / Analyst,Tier 2 - DFW HQ / verify sponsorship,AI automation governance and measurable outcomes,"Join our Operations Technology Analyst team driving AI automation governance and measurable outcomes. You will analyze operational data, design secure cloud architectures, tune SIEM detections, and partner with engineering on platform modernization. Skills: Python, SQL, IAM, SIEM, Splunk, Kubernetes, Docker, Terraform, data pipelines, AI automation, incident response, Agile delivery, business analysis.",Python; SQL; AWS/Azure/GCP; IAM; SIEM; Splunk; Kubernetes; Docker; Terraform; Agile; Jira; risk controls; data pipelines; AI automation; incident response,open
J0116,C049,Celanese,Security Engineer,Irving,Cloud / Security / Data / AI / Analyst,Tier 3 - DFW HQ / verify sponsorship,Manufacturing/chemicals enterprise systems create technical support and analytics roles.,"We are seeking a Security Engineer to support Manufacturing/chemicals enterprise systems create technical support and analytics roles.. Responsibilities include building data pipelines with Python and SQL, implementing IAM controls, monitoring with SIEM/Splunk, and automating workflows. Required: Python, SQL, cloud platforms (AWS/Azure/GCP), Kubernetes, Docker, Terraform, Agile/Jira, risk controls, AI automation, incident response. Preferred: experience with data analytics dashboards and stakeholder communication.",Python; SQL; AWS/Azure/GCP; IAM; SIEM; Splunk; Kubernetes; Docker; Terraform; Agile; Jira; risk controls; data pipelines; AI automation; incident response,open
J0117,C050,Vistra,Data Engineer,Irving,Cloud / Security / Data / AI / Analyst,Tier 3 - DFW HQ / verify sponsorship,Energy operations and cyber resilience create technical needs; sponsor policy must be verified.,"We are seeking a Data Engineer to support Energy operations and cyber resilience create technical needs; sponsor policy must be verified.. Responsibilities include building data pipelines with Python and SQL, implementing IAM controls, monitoring with SIEM/Splunk, and automating workflows. Required: Python, SQL, cloud platforms (AWS/Azure/GCP), Kubernetes, Docker, Terraform, Agile/Jira, risk controls, AI automation, incident response. Preferred: experience with data analytics dashboards and stakeholder communication.",Python; SQL; AWS/Azure/GCP; IAM; SIEM; Splunk; Kubernetes; Docker; Terraform; Agile; Jira; risk controls; data pipelines; AI automation; incident response,contacted
