reasoning_id,job_id,why_role_exists,business_problem,likely_team,success_metrics_30,success_metrics_60,success_metrics_90,how_i_would_help,priority_questions
RR001,J0001,"AI Automation Analyst supports bank is pushing ai productivity and has large dfw tech headcount; roles exist around platform modernization, controls, automation, and data systems. at JPMorgan Chase, aligned with public strategic themes (Digital banking). Scale regulated digital products, automate operations, and maintain security controls across global platforms..","Bank is pushing AI productivity and has large DFW tech headcount; roles exist around platform modernization, controls, automation, and data systems.",AI/Automation COE,Learn automation toolchain and control requirements; deliver one pilot workflow.,Ship two governed automations with audit evidence; partner on KPI dashboard.,Present ROI summary and propose next automation backlog.,Demonstrate cloud architecture patterns from Secure Cloud Evidence Lab.; Show Streamlit dashboard and SQL analytics from CI OS as live demo.; Build governed automation prototypes; document control evidence.,What data platforms does the team use?; How are analytics requests prioritized?; What does success look like in the first 90 days?
RR002,J0002,"Technology Analyst supports data pipeline reliability and audit readiness at JPMorgan Chase, aligned with public strategic themes (Digital banking). Scale regulated digital products, automate operations, and maintain security controls across global platforms..",data pipeline reliability and audit readiness,Enterprise Technology / Business Analysis,Learn team tools and deliver first small contribution.,Own a workflow or analysis with documented outcomes.,Present measurable improvement to stakeholders.,Demonstrate cloud architecture patterns from Secure Cloud Evidence Lab.; Show Streamlit dashboard and SQL analytics from CI OS as live demo.; Build governed automation prototypes; document control evidence.,What data platforms does the team use?; How are analytics requests prioritized?; What does success look like in the first 90 days?
RR003,J0003,"Cloud Security Analyst supports ai automation governance and measurable outcomes at JPMorgan Chase, aligned with public strategic themes (Digital banking). Scale regulated digital products, automate operations, and maintain security controls across global platforms..",AI automation governance and measurable outcomes,Security Engineering / Cloud Security,Complete security tooling onboarding; review IAM baselines.,Tune SIEM detections; contribute to incident drill.,Deliver control improvement with measurable risk reduction.,Show Secure Cloud Evidence Lab IAM/SIEM work; map controls to role requirements.; Demonstrate cloud architecture patterns from Secure Cloud Evidence Lab.; Show Streamlit dashboard and SQL analytics from CI OS as live demo.,What cloud platforms dominate?; How are incidents escalated?; What compliance frameworks guide security decisions?
RR004,J0004,"Security Engineer supports dallas campus expansion and ai-driven finance workflows create demand for engineering, data, and operational risk talent. at Goldman Sachs, aligned with public strategic themes (Digital banking). Scale regulated digital products, automate operations, and maintain security controls across global platforms..","Dallas campus expansion and AI-driven finance workflows create demand for engineering, data, and operational risk talent.",Security Engineering / Cloud Security,Complete security tooling onboarding; review IAM baselines.,Tune SIEM detections; contribute to incident drill.,Deliver control improvement with measurable risk reduction.,Show Secure Cloud Evidence Lab IAM/SIEM work; map controls to role requirements.; Demonstrate cloud architecture patterns from Secure Cloud Evidence Lab.; Show Streamlit dashboard and SQL analytics from CI OS as live demo.,What cloud platforms dominate?; How are incidents escalated?; What compliance frameworks guide security decisions?
RR005,J0005,"Business Systems Analyst supports ai-driven workflow productivity and controls at Goldman Sachs, aligned with public strategic themes (Digital banking). Scale regulated digital products, automate operations, and maintain security controls across global platforms..",AI-driven workflow productivity and controls,Enterprise Technology / Business Analysis,Learn team tools and deliver first small contribution.,Own a workflow or analysis with documented outcomes.,Present measurable improvement to stakeholders.,Demonstrate cloud architecture patterns from Secure Cloud Evidence Lab.; Show Streamlit dashboard and SQL analytics from CI OS as live demo.; Build governed automation prototypes; document control evidence.,What data platforms does the team use?; How are analytics requests prioritized?; What does success look like in the first 90 days?
RR006,J0006,"Operations Technology Analyst supports ai automation governance and measurable outcomes at Goldman Sachs, aligned with public strategic themes (Digital banking). Scale regulated digital products, automate operations, and maintain security controls across global platforms..",AI automation governance and measurable outcomes,Operations Technology,Learn team tools and deliver first small contribution.,Own a workflow or analysis with documented outcomes.,Present measurable improvement to stakeholders.,Show Secure Cloud Evidence Lab IAM/SIEM work; map controls to role requirements.; Demonstrate cloud architecture patterns from Secure Cloud Evidence Lab.; Show Streamlit dashboard and SQL analytics from CI OS as live demo.,What data platforms does the team use?; How are analytics requests prioritized?; What does success look like in the first 90 days?
RR007,J0007,"Security Engineer supports new dallas campus and large dfw workforce suggest recurring technology, risk, and operations hiring. at Bank of America, aligned with public strategic themes (Digital banking). Scale regulated digital products, automate operations, and maintain security controls across global platforms..","New Dallas campus and large DFW workforce suggest recurring technology, risk, and operations hiring.",Security Engineering / Cloud Security,Complete security tooling onboarding; review IAM baselines.,Tune SIEM detections; contribute to incident drill.,Deliver control improvement with measurable risk reduction.,Show Secure Cloud Evidence Lab IAM/SIEM work; map controls to role requirements.; Demonstrate cloud architecture patterns from Secure Cloud Evidence Lab.; Show Streamlit dashboard and SQL analytics from CI OS as live demo.,What cloud platforms dominate?; How are incidents escalated?; What compliance frameworks guide security decisions?
RR008,J0008,"Platform Engineer supports ai-driven workflow productivity and controls at Bank of America, aligned with public strategic themes (Digital banking). Scale regulated digital products, automate operations, and maintain security controls across global platforms..",AI-driven workflow productivity and controls,Enterprise Technology,Learn team tools and deliver first small contribution.,Own a workflow or analysis with documented outcomes.,Present measurable improvement to stakeholders.,Demonstrate cloud architecture patterns from Secure Cloud Evidence Lab.; Show Streamlit dashboard and SQL analytics from CI OS as live demo.; Build governed automation prototypes; document control evidence.,What does success look like in the first 90 days?; Which teams will I partner with most?; What are the biggest current blockers?
RR009,J0009,"Technology Risk Analyst supports enterprise iam and zero-trust implementation at Bank of America, aligned with public strategic themes (Digital banking). Scale regulated digital products, automate operations, and maintain security controls across global platforms..",enterprise IAM and zero-trust implementation,Technology Risk / GRC,Learn team tools and deliver first small contribution.,Own a workflow or analysis with documented outcomes.,Present measurable improvement to stakeholders.,Show Secure Cloud Evidence Lab IAM/SIEM work; map controls to role requirements.; Demonstrate cloud architecture patterns from Secure Cloud Evidence Lab.; Show Streamlit dashboard and SQL analytics from CI OS as live demo.,What data platforms does the team use?; How are analytics requests prioritized?; What does success look like in the first 90 days?
RR010,J0010,"Security Engineer supports irving campus spans technology, global functions, services, and private bank; roles likely tied to risk, platform modernization, and operations. at Citi, aligned with public strategic themes (Digital banking). Scale regulated digital products, automate operations, and maintain security controls across global platforms..","Irving campus spans technology, global functions, services, and private bank; roles likely tied to risk, platform modernization, and operations.",Security Engineering / Cloud Security,Complete security tooling onboarding; review IAM baselines.,Tune SIEM detections; contribute to incident drill.,Deliver control improvement with measurable risk reduction.,Show Secure Cloud Evidence Lab IAM/SIEM work; map controls to role requirements.; Demonstrate cloud architecture patterns from Secure Cloud Evidence Lab.; Show Streamlit dashboard and SQL analytics from CI OS as live demo.,What cloud platforms dominate?; How are incidents escalated?; What compliance frameworks guide security decisions?
RR011,J0011,"AI Automation Analyst supports data pipeline reliability and audit readiness at Citi, aligned with public strategic themes (Digital banking). Scale regulated digital products, automate operations, and maintain security controls across global platforms..",data pipeline reliability and audit readiness,AI/Automation COE,Learn automation toolchain and control requirements; deliver one pilot workflow.,Ship two governed automations with audit evidence; partner on KPI dashboard.,Present ROI summary and propose next automation backlog.,Demonstrate cloud architecture patterns from Secure Cloud Evidence Lab.; Show Streamlit dashboard and SQL analytics from CI OS as live demo.; Build governed automation prototypes; document control evidence.,What data platforms does the team use?; How are analytics requests prioritized?; What does success look like in the first 90 days?
RR012,J0012,"Cloud Analyst supports large westlake hq and finance-platform modernization create steady tech and risk needs. at Charles Schwab, aligned with public strategic themes (Digital banking). Scale regulated digital products, automate operations, and maintain security controls across global platforms..",Large Westlake HQ and finance-platform modernization create steady tech and risk needs.,Cloud Engineering / Platform,Learn team tools and deliver first small contribution.,Own a workflow or analysis with documented outcomes.,Present measurable improvement to stakeholders.,Demonstrate cloud architecture patterns from Secure Cloud Evidence Lab.; Show Streamlit dashboard and SQL analytics from CI OS as live demo.; Build governed automation prototypes; document control evidence.,What data platforms does the team use?; How are analytics requests prioritized?; What does success look like in the first 90 days?
RR013,J0013,"Data Engineer supports ai automation governance and measurable outcomes at Charles Schwab, aligned with public strategic themes (Digital banking). Scale regulated digital products, automate operations, and maintain security controls across global platforms..",AI automation governance and measurable outcomes,Data Analytics / Engineering,Learn data warehouse and metric definitions.,Build dashboard or analysis for one product area.,Present insights that influence a product or risk decision.,Demonstrate cloud architecture patterns from Secure Cloud Evidence Lab.; Show Streamlit dashboard and SQL analytics from CI OS as live demo.; Build governed automation prototypes; document control evidence.,What data platforms does the team use?; How are analytics requests prioritized?; What does success look like in the first 90 days?
RR014,J0014,"Data Analyst supports ai automation governance and measurable outcomes at Charles Schwab, aligned with public strategic themes (Digital banking). Scale regulated digital products, automate operations, and maintain security controls across global platforms..",AI automation governance and measurable outcomes,Data Analytics / Engineering,Learn data warehouse and metric definitions.,Build dashboard or analysis for one product area.,Present insights that influence a product or risk decision.,Show Secure Cloud Evidence Lab IAM/SIEM work; map controls to role requirements.; Demonstrate cloud architecture patterns from Secure Cloud Evidence Lab.; Show Streamlit dashboard and SQL analytics from CI OS as live demo.,What data platforms does the team use?; How are analytics requests prioritized?; What does success look like in the first 90 days?
RR015,J0015,"Data Analyst supports plano is a top employment hub; capital one is cloud/data-heavy and fits mis + cloud/cyber profile. at Capital One, aligned with public strategic themes (Digital banking). Scale regulated digital products, automate operations, and maintain security controls across global platforms..",Plano is a top employment hub; Capital One is cloud/data-heavy and fits MIS + cloud/cyber profile.,Data Analytics / Engineering,Learn data warehouse and metric definitions.,Build dashboard or analysis for one product area.,Present insights that influence a product or risk decision.,Connect cybersecurity case study and IAM work to enterprise security context.; Demonstrate cloud architecture patterns from Secure Cloud Evidence Lab.; Show Streamlit dashboard and SQL analytics from CI OS as live demo.,What data platforms does the team use?; How are analytics requests prioritized?; What does success look like in the first 90 days?
RR016,J0016,"Cloud Security Analyst supports cloud security monitoring and incident response at Capital One, aligned with public strategic themes (Digital banking). Scale regulated digital products, automate operations, and maintain security controls across global platforms..",cloud security monitoring and incident response,Security Engineering / Cloud Security,Complete security tooling onboarding; review IAM baselines.,Tune SIEM detections; contribute to incident drill.,Deliver control improvement with measurable risk reduction.,Show Secure Cloud Evidence Lab IAM/SIEM work; map controls to role requirements.; Demonstrate cloud architecture patterns from Secure Cloud Evidence Lab.; Show Streamlit dashboard and SQL analytics from CI OS as live demo.,What cloud platforms dominate?; How are incidents escalated?; What compliance frameworks guide security decisions?
RR017,J0017,"Technology Risk Analyst supports ai automation governance and measurable outcomes at Capital One, aligned with public strategic themes (Digital banking). Scale regulated digital products, automate operations, and maintain security controls across global platforms..",AI automation governance and measurable outcomes,Technology Risk / GRC,Learn team tools and deliver first small contribution.,Own a workflow or analysis with documented outcomes.,Present measurable improvement to stakeholders.,Show Secure Cloud Evidence Lab IAM/SIEM work; map controls to role requirements.; Demonstrate cloud architecture patterns from Secure Cloud Evidence Lab.; Show Streamlit dashboard and SQL analytics from CI OS as live demo.,What data platforms does the team use?; How are analytics requests prioritized?; What does success look like in the first 90 days?
RR018,J0018,"Cybersecurity Analyst supports auto platforms generate demand for data, cloud, cybersecurity, and enterprise systems. at Toyota Motor North America, aligned with public strategic themes (Software-defined vehicles). Build connected vehicle platforms, secure automotive software supply chains, and digitize manufacturing..","Auto platforms generate demand for data, cloud, cybersecurity, and enterprise systems.",Security Engineering / Cloud Security,Complete security tooling onboarding; review IAM baselines.,Tune SIEM detections; contribute to incident drill.,Deliver control improvement with measurable risk reduction.,Show Secure Cloud Evidence Lab IAM/SIEM work; map controls to role requirements.; Connect cybersecurity case study and IAM work to enterprise security context.; Demonstrate cloud architecture patterns from Secure Cloud Evidence Lab.,What cloud platforms dominate?; How are incidents escalated?; What compliance frameworks guide security decisions?
RR019,J0019,"Cloud Security Analyst supports platform modernization and secure automation at Toyota Motor North America, aligned with public strategic themes (Software-defined vehicles). Build connected vehicle platforms, secure automotive software supply chains, and digitize manufacturing..",platform modernization and secure automation,Security Engineering / Cloud Security,Complete security tooling onboarding; review IAM baselines.,Tune SIEM detections; contribute to incident drill.,Deliver control improvement with measurable risk reduction.,Show Secure Cloud Evidence Lab IAM/SIEM work; map controls to role requirements.; Demonstrate cloud architecture patterns from Secure Cloud Evidence Lab.; Show Streamlit dashboard and SQL analytics from CI OS as live demo.,What cloud platforms dominate?; How are incidents escalated?; What compliance frameworks guide security decisions?
RR020,J0020,"Operations Technology Analyst supports telecom modernization, network security, and ai operations create strong technical hiring themes. at AT&T, aligned with public strategic themes (5G and fiber expansion). Modernize core network, automate operations, and secure large-scale consumer and enterprise services..","Telecom modernization, network security, and AI operations create strong technical hiring themes.",Operations Technology,Learn team tools and deliver first small contribution.,Own a workflow or analysis with documented outcomes.,Present measurable improvement to stakeholders.,Show Secure Cloud Evidence Lab IAM/SIEM work; map controls to role requirements.; Demonstrate cloud architecture patterns from Secure Cloud Evidence Lab.; Show Streamlit dashboard and SQL analytics from CI OS as live demo.,What data platforms does the team use?; How are analytics requests prioritized?; What does success look like in the first 90 days?
RR021,J0021,"Platform Engineer supports enterprise iam and zero-trust implementation at AT&T, aligned with public strategic themes (5G and fiber expansion). Modernize core network, automate operations, and secure large-scale consumer and enterprise services..",enterprise IAM and zero-trust implementation,Enterprise Technology,Learn team tools and deliver first small contribution.,Own a workflow or analysis with documented outcomes.,Present measurable improvement to stakeholders.,Demonstrate cloud architecture patterns from Secure Cloud Evidence Lab.; Show Streamlit dashboard and SQL analytics from CI OS as live demo.; Build governed automation prototypes; document control evidence.,What does success look like in the first 90 days?; Which teams will I partner with most?; What are the biggest current blockers?
RR022,J0022,"Business Systems Analyst supports ai-driven workflow productivity and controls at AT&T, aligned with public strategic themes (5G and fiber expansion). Modernize core network, automate operations, and secure large-scale consumer and enterprise services..",AI-driven workflow productivity and controls,Enterprise Technology / Business Analysis,Learn team tools and deliver first small contribution.,Own a workflow or analysis with documented outcomes.,Present measurable improvement to stakeholders.,Show Secure Cloud Evidence Lab IAM/SIEM work; map controls to role requirements.; Demonstrate cloud architecture patterns from Secure Cloud Evidence Lab.; Show Streamlit dashboard and SQL analytics from CI OS as live demo.,What data platforms does the team use?; How are analytics requests prioritized?; What does success look like in the first 90 days?
RR023,J0023,"AI Automation Analyst supports 5g/cloud infrastructure and enterprise telecom create specialized technical roles. at Ericsson, aligned with public strategic themes (5G and fiber expansion). Modernize core network, automate operations, and secure large-scale consumer and enterprise services..",5G/cloud infrastructure and enterprise telecom create specialized technical roles.,AI/Automation COE,Learn automation toolchain and control requirements; deliver one pilot workflow.,Ship two governed automations with audit evidence; partner on KPI dashboard.,Present ROI summary and propose next automation backlog.,Demonstrate cloud architecture patterns from Secure Cloud Evidence Lab.; Show Streamlit dashboard and SQL analytics from CI OS as live demo.; Build governed automation prototypes; document control evidence.,What data platforms does the team use?; How are analytics requests prioritized?; What does success look like in the first 90 days?
RR024,J0024,"Business Systems Analyst supports technology risk controls and grc evidence at Ericsson, aligned with public strategic themes (5G and fiber expansion). Modernize core network, automate operations, and secure large-scale consumer and enterprise services..",technology risk controls and GRC evidence,Enterprise Technology / Business Analysis,Learn team tools and deliver first small contribution.,Own a workflow or analysis with documented outcomes.,Present measurable improvement to stakeholders.,Demonstrate cloud architecture patterns from Secure Cloud Evidence Lab.; Show Streamlit dashboard and SQL analytics from CI OS as live demo.; Build governed automation prototypes; document control evidence.,What data platforms does the team use?; How are analytics requests prioritized?; What does success look like in the first 90 days?
RR025,J0025,"Cybersecurity Analyst supports ai automation governance and measurable outcomes at Ericsson, aligned with public strategic themes (5G and fiber expansion). Modernize core network, automate operations, and secure large-scale consumer and enterprise services..",AI automation governance and measurable outcomes,Security Engineering / Cloud Security,Complete security tooling onboarding; review IAM baselines.,Tune SIEM detections; contribute to incident drill.,Deliver control improvement with measurable risk reduction.,Show Secure Cloud Evidence Lab IAM/SIEM work; map controls to role requirements.; Connect cybersecurity case study and IAM work to enterprise security context.; Demonstrate cloud architecture patterns from Secure Cloud Evidence Lab.,What cloud platforms dominate?; How are incidents escalated?; What compliance frameworks guide security decisions?
RR026,J0026,"Technology Risk Analyst supports consulting delivery and enterprise modernization create many matching roles; verify client-site nature. at NTT DATA, aligned with public strategic themes (AI-led modernization). Deliver client programs requiring scalable engineering, data, and security talent in DFW delivery centers..",Consulting delivery and enterprise modernization create many matching roles; verify client-site nature.,Technology Risk / GRC,Learn team tools and deliver first small contribution.,Own a workflow or analysis with documented outcomes.,Present measurable improvement to stakeholders.,Demonstrate cloud architecture patterns from Secure Cloud Evidence Lab.; Show Streamlit dashboard and SQL analytics from CI OS as live demo.; Build governed automation prototypes; document control evidence.,What data platforms does the team use?; How are analytics requests prioritized?; What does success look like in the first 90 days?
RR027,J0027,"Platform Engineer supports risk management and operational data visibility at NTT DATA, aligned with public strategic themes (AI-led modernization). Deliver client programs requiring scalable engineering, data, and security talent in DFW delivery centers..",risk management and operational data visibility,Enterprise Technology,Learn team tools and deliver first small contribution.,Own a workflow or analysis with documented outcomes.,Present measurable improvement to stakeholders.,Demonstrate cloud architecture patterns from Secure Cloud Evidence Lab.; Show Streamlit dashboard and SQL analytics from CI OS as live demo.; Build governed automation prototypes; document control evidence.,What does success look like in the first 90 days?; Which teams will I partner with most?; What are the biggest current blockers?
RR028,J0028,"Technology Analyst supports semiconductor/electronics operations require analytics, systems, and security talent. at Samsung Electronics America / Samsung Austin Semiconductor, aligned with public strategic themes (Software-defined vehicles). Build connected vehicle platforms, secure automotive software supply chains, and digitize manufacturing..","Semiconductor/electronics operations require analytics, systems, and security talent.",Enterprise Technology / Business Analysis,Learn team tools and deliver first small contribution.,Own a workflow or analysis with documented outcomes.,Present measurable improvement to stakeholders.,Show Secure Cloud Evidence Lab IAM/SIEM work; map controls to role requirements.; Demonstrate cloud architecture patterns from Secure Cloud Evidence Lab.; Show Streamlit dashboard and SQL analytics from CI OS as live demo.,What data platforms does the team use?; How are analytics requests prioritized?; What does success look like in the first 90 days?
RR029,J0029,"Cybersecurity Analyst supports ai-driven workflow productivity and controls at Samsung Electronics America / Samsung Austin Semiconductor, aligned with public strategic themes (Software-defined vehicles). Build connected vehicle platforms, secure automotive software supply chains, and digitize manufacturing..",AI-driven workflow productivity and controls,Security Engineering / Cloud Security,Complete security tooling onboarding; review IAM baselines.,Tune SIEM detections; contribute to incident drill.,Deliver control improvement with measurable risk reduction.,Show Secure Cloud Evidence Lab IAM/SIEM work; map controls to role requirements.; Connect cybersecurity case study and IAM work to enterprise security context.; Demonstrate cloud architecture patterns from Secure Cloud Evidence Lab.,What cloud platforms dominate?; How are incidents escalated?; What compliance frameworks guide security decisions?
RR030,J0030,"Operations Technology Analyst supports data pipeline reliability and audit readiness at Samsung Electronics America / Samsung Austin Semiconductor, aligned with public strategic themes (Software-defined vehicles). Build connected vehicle platforms, secure automotive software supply chains, and digitize manufacturing..",data pipeline reliability and audit readiness,Operations Technology,Learn team tools and deliver first small contribution.,Own a workflow or analysis with documented outcomes.,Present measurable improvement to stakeholders.,Show Secure Cloud Evidence Lab IAM/SIEM work; map controls to role requirements.; Demonstrate cloud architecture patterns from Secure Cloud Evidence Lab.; Show Streamlit dashboard and SQL analytics from CI OS as live demo.,What data platforms does the team use?; How are analytics requests prioritized?; What does success look like in the first 90 days?
RR031,J0031,"Data Analyst supports client risk, compliance, cyber, and ai governance demand aligns with mis/cloud/cyber profile. at KPMG, aligned with public strategic themes (Client digital transformation). Staff client-facing delivery teams for enterprise transformation and managed security programs..","Client risk, compliance, cyber, and AI governance demand aligns with MIS/cloud/cyber profile.",Data Analytics / Engineering,Learn data warehouse and metric definitions.,Build dashboard or analysis for one product area.,Present insights that influence a product or risk decision.,Connect cybersecurity case study and IAM work to enterprise security context.; Demonstrate cloud architecture patterns from Secure Cloud Evidence Lab.; Show Streamlit dashboard and SQL analytics from CI OS as live demo.,What data platforms does the team use?; How are analytics requests prioritized?; What does success look like in the first 90 days?
RR032,J0032,"Platform Engineer supports ai-driven workflow productivity and controls at KPMG, aligned with public strategic themes (Client digital transformation). Staff client-facing delivery teams for enterprise transformation and managed security programs..",AI-driven workflow productivity and controls,Enterprise Technology,Learn team tools and deliver first small contribution.,Own a workflow or analysis with documented outcomes.,Present measurable improvement to stakeholders.,Demonstrate cloud architecture patterns from Secure Cloud Evidence Lab.; Show Streamlit dashboard and SQL analytics from CI OS as live demo.; Build governed automation prototypes; document control evidence.,What does success look like in the first 90 days?; Which teams will I partner with most?; What are the biggest current blockers?
RR033,J0033,"Business Systems Analyst supports ai automation governance and measurable outcomes at KPMG, aligned with public strategic themes (Client digital transformation). Staff client-facing delivery teams for enterprise transformation and managed security programs..",AI automation governance and measurable outcomes,Enterprise Technology / Business Analysis,Learn team tools and deliver first small contribution.,Own a workflow or analysis with documented outcomes.,Present measurable improvement to stakeholders.,Show Secure Cloud Evidence Lab IAM/SIEM work; map controls to role requirements.; Demonstrate cloud architecture patterns from Secure Cloud Evidence Lab.; Show Streamlit dashboard and SQL analytics from CI OS as live demo.,What data platforms does the team use?; How are analytics requests prioritized?; What does success look like in the first 90 days?
RR034,J0034,"Technology Risk Analyst supports consulting projects create recurring demand, but sponsorship/role location varies by practice. at Deloitte, aligned with public strategic themes (Client digital transformation). Staff client-facing delivery teams for enterprise transformation and managed security programs..","Consulting projects create recurring demand, but sponsorship/role location varies by practice.",Technology Risk / GRC,Learn team tools and deliver first small contribution.,Own a workflow or analysis with documented outcomes.,Present measurable improvement to stakeholders.,Demonstrate cloud architecture patterns from Secure Cloud Evidence Lab.; Show Streamlit dashboard and SQL analytics from CI OS as live demo.; Build governed automation prototypes; document control evidence.,What data platforms does the team use?; How are analytics requests prioritized?; What does success look like in the first 90 days?
RR035,J0035,"Data Analyst supports data pipeline reliability and audit readiness at Deloitte, aligned with public strategic themes (Client digital transformation). Staff client-facing delivery teams for enterprise transformation and managed security programs..",data pipeline reliability and audit readiness,Data Analytics / Engineering,Learn data warehouse and metric definitions.,Build dashboard or analysis for one product area.,Present insights that influence a product or risk decision.,Show Secure Cloud Evidence Lab IAM/SIEM work; map controls to role requirements.; Demonstrate cloud architecture patterns from Secure Cloud Evidence Lab.; Show Streamlit dashboard and SQL analytics from CI OS as live demo.,What data platforms does the team use?; How are analytics requests prioritized?; What does success look like in the first 90 days?
RR036,J0036,"Cloud Security Analyst supports enterprise transformation projects can match opt candidates but may be location/client dependent. at Accenture, aligned with public strategic themes (Client digital transformation). Staff client-facing delivery teams for enterprise transformation and managed security programs..",Enterprise transformation projects can match OPT candidates but may be location/client dependent.,Security Engineering / Cloud Security,Complete security tooling onboarding; review IAM baselines.,Tune SIEM detections; contribute to incident drill.,Deliver control improvement with measurable risk reduction.,Show Secure Cloud Evidence Lab IAM/SIEM work; map controls to role requirements.; Demonstrate cloud architecture patterns from Secure Cloud Evidence Lab.; Show Streamlit dashboard and SQL analytics from CI OS as live demo.,What cloud platforms dominate?; How are incidents escalated?; What compliance frameworks guide security decisions?
RR037,J0037,"Cloud Analyst supports data pipeline reliability and audit readiness at Accenture, aligned with public strategic themes (Client digital transformation). Staff client-facing delivery teams for enterprise transformation and managed security programs..",data pipeline reliability and audit readiness,Cloud Engineering / Platform,Learn team tools and deliver first small contribution.,Own a workflow or analysis with documented outcomes.,Present measurable improvement to stakeholders.,Demonstrate cloud architecture patterns from Secure Cloud Evidence Lab.; Show Streamlit dashboard and SQL analytics from CI OS as live demo.; Build governed automation prototypes; document control evidence.,What data platforms does the team use?; How are analytics requests prioritized?; What does success look like in the first 90 days?
RR038,J0038,"Operations Technology Analyst supports high sponsor evidence; role quality varies by client and project, so validate real project before applying. at Cognizant, aligned with public strategic themes (AI-led modernization). Deliver client programs requiring scalable engineering, data, and security talent in DFW delivery centers..","High sponsor evidence; role quality varies by client and project, so validate real project before applying.",Operations Technology,Learn team tools and deliver first small contribution.,Own a workflow or analysis with documented outcomes.,Present measurable improvement to stakeholders.,Demonstrate cloud architecture patterns from Secure Cloud Evidence Lab.; Show Streamlit dashboard and SQL analytics from CI OS as live demo.; Build governed automation prototypes; document control evidence.,What data platforms does the team use?; How are analytics requests prioritized?; What does success look like in the first 90 days?
RR039,J0039,"Technology Analyst supports platform modernization and secure automation at Cognizant, aligned with public strategic themes (AI-led modernization). Deliver client programs requiring scalable engineering, data, and security talent in DFW delivery centers..",platform modernization and secure automation,Enterprise Technology / Business Analysis,Learn team tools and deliver first small contribution.,Own a workflow or analysis with documented outcomes.,Present measurable improvement to stakeholders.,Demonstrate cloud architecture patterns from Secure Cloud Evidence Lab.; Show Streamlit dashboard and SQL analytics from CI OS as live demo.; Build governed automation prototypes; document control evidence.,What data platforms does the team use?; How are analytics requests prioritized?; What does success look like in the first 90 days?
RR040,J0040,"Cloud Analyst supports ai-driven workflow productivity and controls at Cognizant, aligned with public strategic themes (AI-led modernization). Deliver client programs requiring scalable engineering, data, and security talent in DFW delivery centers..",AI-driven workflow productivity and controls,Cloud Engineering / Platform,Learn team tools and deliver first small contribution.,Own a workflow or analysis with documented outcomes.,Present measurable improvement to stakeholders.,Show Secure Cloud Evidence Lab IAM/SIEM work; map controls to role requirements.; Demonstrate cloud architecture patterns from Secure Cloud Evidence Lab.; Show Streamlit dashboard and SQL analytics from CI OS as live demo.,What data platforms does the team use?; How are analytics requests prioritized?; What does success look like in the first 90 days?
RR041,J0041,"Operations Technology Analyst supports strong sponsor history; must filter for real role, direct employment, and dfw relevance. at Infosys, aligned with public strategic themes (AI-led modernization). Deliver client programs requiring scalable engineering, data, and security talent in DFW delivery centers..","Strong sponsor history; must filter for real role, direct employment, and DFW relevance.",Operations Technology,Learn team tools and deliver first small contribution.,Own a workflow or analysis with documented outcomes.,Present measurable improvement to stakeholders.,Demonstrate cloud architecture patterns from Secure Cloud Evidence Lab.; Show Streamlit dashboard and SQL analytics from CI OS as live demo.; Build governed automation prototypes; document control evidence.,What data platforms does the team use?; How are analytics requests prioritized?; What does success look like in the first 90 days?
RR042,J0042,"Technology Analyst supports data pipeline reliability and audit readiness at Infosys, aligned with public strategic themes (AI-led modernization). Deliver client programs requiring scalable engineering, data, and security talent in DFW delivery centers..",data pipeline reliability and audit readiness,Enterprise Technology / Business Analysis,Learn team tools and deliver first small contribution.,Own a workflow or analysis with documented outcomes.,Present measurable improvement to stakeholders.,Demonstrate cloud architecture patterns from Secure Cloud Evidence Lab.; Show Streamlit dashboard and SQL analytics from CI OS as live demo.; Build governed automation prototypes; document control evidence.,What data platforms does the team use?; How are analytics requests prioritized?; What does success look like in the first 90 days?
RR043,J0043,"Platform Engineer supports cloud security monitoring and incident response at Infosys, aligned with public strategic themes (AI-led modernization). Deliver client programs requiring scalable engineering, data, and security talent in DFW delivery centers..",cloud security monitoring and incident response,Enterprise Technology,Learn team tools and deliver first small contribution.,Own a workflow or analysis with documented outcomes.,Present measurable improvement to stakeholders.,Show Secure Cloud Evidence Lab IAM/SIEM work; map controls to role requirements.; Demonstrate cloud architecture patterns from Secure Cloud Evidence Lab.; Show Streamlit dashboard and SQL analytics from CI OS as live demo.,What does success look like in the first 90 days?; Which teams will I partner with most?; What are the biggest current blockers?
RR044,J0044,"Cloud Analyst supports strong sponsor signal and texas hq presence; dfw location may be less consistent. at Oracle, aligned with public strategic themes (Digital transformation). Support enterprise platforms, analytics, and security for DFW headquarters and regional operations..",Strong sponsor signal and Texas HQ presence; DFW location may be less consistent.,Cloud Engineering / Platform,Learn team tools and deliver first small contribution.,Own a workflow or analysis with documented outcomes.,Present measurable improvement to stakeholders.,Demonstrate cloud architecture patterns from Secure Cloud Evidence Lab.; Show Streamlit dashboard and SQL analytics from CI OS as live demo.; Build governed automation prototypes; document control evidence.,What data platforms does the team use?; How are analytics requests prioritized?; What does success look like in the first 90 days?
RR045,J0045,"Platform Engineer supports ai automation governance and measurable outcomes at Oracle, aligned with public strategic themes (Digital transformation). Support enterprise platforms, analytics, and security for DFW headquarters and regional operations..",AI automation governance and measurable outcomes,Enterprise Technology,Learn team tools and deliver first small contribution.,Own a workflow or analysis with documented outcomes.,Present measurable improvement to stakeholders.,Demonstrate cloud architecture patterns from Secure Cloud Evidence Lab.; Show Streamlit dashboard and SQL analytics from CI OS as live demo.; Build governed automation prototypes; document control evidence.,What does success look like in the first 90 days?; Which teams will I partner with most?; What are the biggest current blockers?
RR046,J0046,"Data Analyst supports strong texas sponsor evidence; dfw fit depends on role location. at Tesla, aligned with public strategic themes (Software-defined vehicles). Build connected vehicle platforms, secure automotive software supply chains, and digitize manufacturing..",Strong Texas sponsor evidence; DFW fit depends on role location.,Data Analytics / Engineering,Learn data warehouse and metric definitions.,Build dashboard or analysis for one product area.,Present insights that influence a product or risk decision.,Demonstrate cloud architecture patterns from Secure Cloud Evidence Lab.; Show Streamlit dashboard and SQL analytics from CI OS as live demo.; Build governed automation prototypes; document control evidence.,What data platforms does the team use?; How are analytics requests prioritized?; What does success look like in the first 90 days?
RR047,J0047,"Technology Risk Analyst supports ai-driven workflow productivity and controls at Tesla, aligned with public strategic themes (Software-defined vehicles). Build connected vehicle platforms, secure automotive software supply chains, and digitize manufacturing..",AI-driven workflow productivity and controls,Technology Risk / GRC,Learn team tools and deliver first small contribution.,Own a workflow or analysis with documented outcomes.,Present measurable improvement to stakeholders.,Demonstrate cloud architecture patterns from Secure Cloud Evidence Lab.; Show Streamlit dashboard and SQL analytics from CI OS as live demo.; Build governed automation prototypes; document control evidence.,What data platforms does the team use?; How are analytics requests prioritized?; What does success look like in the first 90 days?
RR048,J0048,"Cloud Analyst supports hpe’s cloud/infrastructure business aligns well with cloud/security profile. at Hewlett Packard Enterprise, aligned with public strategic themes (Digital transformation). Support enterprise platforms, analytics, and security for DFW headquarters and regional operations..",HPE’s cloud/infrastructure business aligns well with cloud/security profile.,Cloud Engineering / Platform,Learn team tools and deliver first small contribution.,Own a workflow or analysis with documented outcomes.,Present measurable improvement to stakeholders.,Show Secure Cloud Evidence Lab IAM/SIEM work; map controls to role requirements.; Demonstrate cloud architecture patterns from Secure Cloud Evidence Lab.; Show Streamlit dashboard and SQL analytics from CI OS as live demo.,What data platforms does the team use?; How are analytics requests prioritized?; What does success look like in the first 90 days?
RR049,J0049,"Data Analyst supports ai automation governance and measurable outcomes at Hewlett Packard Enterprise, aligned with public strategic themes (Digital transformation). Support enterprise platforms, analytics, and security for DFW headquarters and regional operations..",AI automation governance and measurable outcomes,Data Analytics / Engineering,Learn data warehouse and metric definitions.,Build dashboard or analysis for one product area.,Present insights that influence a product or risk decision.,Demonstrate cloud architecture patterns from Secure Cloud Evidence Lab.; Show Streamlit dashboard and SQL analytics from CI OS as live demo.; Build governed automation prototypes; document control evidence.,What data platforms does the team use?; How are analytics requests prioritized?; What does success look like in the first 90 days?
RR050,J0050,"Data Engineer supports strong sponsor evidence and enterprise infrastructure alignment; dfw not always primary. at Dell Technologies / Dell USA / Dell Products, aligned with public strategic themes (Digital transformation). Support enterprise platforms, analytics, and security for DFW headquarters and regional operations..",Strong sponsor evidence and enterprise infrastructure alignment; DFW not always primary.,Data Analytics / Engineering,Learn data warehouse and metric definitions.,Build dashboard or analysis for one product area.,Present insights that influence a product or risk decision.,Demonstrate cloud architecture patterns from Secure Cloud Evidence Lab.; Show Streamlit dashboard and SQL analytics from CI OS as live demo.; Build governed automation prototypes; document control evidence.,What data platforms does the team use?; How are analytics requests prioritized?; What does success look like in the first 90 days?
RR051,J0051,"Cloud Analyst supports semiconductor systems and manufacturing analytics fit data/security/it paths. at Texas Instruments, aligned with public strategic themes (Software-defined vehicles). Build connected vehicle platforms, secure automotive software supply chains, and digitize manufacturing..",Semiconductor systems and manufacturing analytics fit data/security/IT paths.,Cloud Engineering / Platform,Learn team tools and deliver first small contribution.,Own a workflow or analysis with documented outcomes.,Present measurable improvement to stakeholders.,Show Secure Cloud Evidence Lab IAM/SIEM work; map controls to role requirements.; Demonstrate cloud architecture patterns from Secure Cloud Evidence Lab.; Show Streamlit dashboard and SQL analytics from CI OS as live demo.,What data platforms does the team use?; How are analytics requests prioritized?; What does success look like in the first 90 days?
RR052,J0052,"AI Automation Analyst supports technology risk controls and grc evidence at Texas Instruments, aligned with public strategic themes (Software-defined vehicles). Build connected vehicle platforms, secure automotive software supply chains, and digitize manufacturing..",technology risk controls and GRC evidence,AI/Automation COE,Learn automation toolchain and control requirements; deliver one pilot workflow.,Ship two governed automations with audit evidence; partner on KPI dashboard.,Present ROI summary and propose next automation backlog.,Demonstrate cloud architecture patterns from Secure Cloud Evidence Lab.; Show Streamlit dashboard and SQL analytics from CI OS as live demo.; Build governed automation prototypes; document control evidence.,What data platforms does the team use?; How are analytics requests prioritized?; What does success look like in the first 90 days?
RR053,J0053,"Cybersecurity Analyst supports airline operations require real-time data, security, cloud, and enterprise systems. at American Airlines, aligned with public strategic themes (Digital transformation). Support enterprise platforms, analytics, and security for DFW headquarters and regional operations..","Airline operations require real-time data, security, cloud, and enterprise systems.",Security Engineering / Cloud Security,Complete security tooling onboarding; review IAM baselines.,Tune SIEM detections; contribute to incident drill.,Deliver control improvement with measurable risk reduction.,Show Secure Cloud Evidence Lab IAM/SIEM work; map controls to role requirements.; Connect cybersecurity case study and IAM work to enterprise security context.; Demonstrate cloud architecture patterns from Secure Cloud Evidence Lab.,What cloud platforms dominate?; How are incidents escalated?; What compliance frameworks guide security decisions?
RR054,J0054,"Business Systems Analyst supports ai automation governance and measurable outcomes at American Airlines, aligned with public strategic themes (Digital transformation). Support enterprise platforms, analytics, and security for DFW headquarters and regional operations..",AI automation governance and measurable outcomes,Enterprise Technology / Business Analysis,Learn team tools and deliver first small contribution.,Own a workflow or analysis with documented outcomes.,Present measurable improvement to stakeholders.,Demonstrate cloud architecture patterns from Secure Cloud Evidence Lab.; Show Streamlit dashboard and SQL analytics from CI OS as live demo.; Build governed automation prototypes; document control evidence.,What data platforms does the team use?; How are analytics requests prioritized?; What does success look like in the first 90 days?
RR055,J0055,"Security Engineer supports ai-driven workflow productivity and controls at American Airlines, aligned with public strategic themes (Digital transformation). Support enterprise platforms, analytics, and security for DFW headquarters and regional operations..",AI-driven workflow productivity and controls,Security Engineering / Cloud Security,Complete security tooling onboarding; review IAM baselines.,Tune SIEM detections; contribute to incident drill.,Deliver control improvement with measurable risk reduction.,Show Secure Cloud Evidence Lab IAM/SIEM work; map controls to role requirements.; Demonstrate cloud architecture patterns from Secure Cloud Evidence Lab.; Show Streamlit dashboard and SQL analytics from CI OS as live demo.,What cloud platforms dominate?; How are incidents escalated?; What compliance frameworks guide security decisions?
RR056,J0056,"Technology Risk Analyst supports airline modernization and operations analytics support matching roles. at Southwest Airlines, aligned with public strategic themes (Digital transformation). Support enterprise platforms, analytics, and security for DFW headquarters and regional operations..",Airline modernization and operations analytics support matching roles.,Technology Risk / GRC,Learn team tools and deliver first small contribution.,Own a workflow or analysis with documented outcomes.,Present measurable improvement to stakeholders.,Demonstrate cloud architecture patterns from Secure Cloud Evidence Lab.; Show Streamlit dashboard and SQL analytics from CI OS as live demo.; Build governed automation prototypes; document control evidence.,What data platforms does the team use?; How are analytics requests prioritized?; What does success look like in the first 90 days?
RR057,J0057,"Security Engineer supports enterprise iam and zero-trust implementation at Southwest Airlines, aligned with public strategic themes (Digital transformation). Support enterprise platforms, analytics, and security for DFW headquarters and regional operations..",enterprise IAM and zero-trust implementation,Security Engineering / Cloud Security,Complete security tooling onboarding; review IAM baselines.,Tune SIEM detections; contribute to incident drill.,Deliver control improvement with measurable risk reduction.,Show Secure Cloud Evidence Lab IAM/SIEM work; map controls to role requirements.; Demonstrate cloud architecture patterns from Secure Cloud Evidence Lab.; Show Streamlit dashboard and SQL analytics from CI OS as live demo.,What cloud platforms dominate?; How are incidents escalated?; What compliance frameworks guide security decisions?
RR058,J0058,"Cloud Security Analyst supports cloud security monitoring and incident response at Southwest Airlines, aligned with public strategic themes (Digital transformation). Support enterprise platforms, analytics, and security for DFW headquarters and regional operations..",cloud security monitoring and incident response,Security Engineering / Cloud Security,Complete security tooling onboarding; review IAM baselines.,Tune SIEM detections; contribute to incident drill.,Deliver control improvement with measurable risk reduction.,Show Secure Cloud Evidence Lab IAM/SIEM work; map controls to role requirements.; Demonstrate cloud architecture patterns from Secure Cloud Evidence Lab.; Show Streamlit dashboard and SQL analytics from CI OS as live demo.,What cloud platforms dominate?; How are incidents escalated?; What compliance frameworks guide security decisions?
RR059,J0059,"Data Analyst supports healthcare supply chain and regulated systems create data, security, and compliance roles. at McKesson, aligned with public strategic themes (Health IT modernization). Secure patient data, automate supply chain, and enable research and clinical analytics..","Healthcare supply chain and regulated systems create data, security, and compliance roles.",Data Analytics / Engineering,Learn data warehouse and metric definitions.,Build dashboard or analysis for one product area.,Present insights that influence a product or risk decision.,Show Secure Cloud Evidence Lab IAM/SIEM work; map controls to role requirements.; Demonstrate cloud architecture patterns from Secure Cloud Evidence Lab.; Show Streamlit dashboard and SQL analytics from CI OS as live demo.,What data platforms does the team use?; How are analytics requests prioritized?; What does success look like in the first 90 days?
RR060,J0060,"Security Engineer supports technology risk controls and grc evidence at McKesson, aligned with public strategic themes (Health IT modernization). Secure patient data, automate supply chain, and enable research and clinical analytics..",technology risk controls and GRC evidence,Security Engineering / Cloud Security,Complete security tooling onboarding; review IAM baselines.,Tune SIEM detections; contribute to incident drill.,Deliver control improvement with measurable risk reduction.,Show Secure Cloud Evidence Lab IAM/SIEM work; map controls to role requirements.; Demonstrate cloud architecture patterns from Secure Cloud Evidence Lab.; Show Streamlit dashboard and SQL analytics from CI OS as live demo.,What cloud platforms dominate?; How are incidents escalated?; What compliance frameworks guide security decisions?
RR061,J0061,"Cybersecurity Analyst supports data pipeline reliability and audit readiness at McKesson, aligned with public strategic themes (Health IT modernization). Secure patient data, automate supply chain, and enable research and clinical analytics..",data pipeline reliability and audit readiness,Security Engineering / Cloud Security,Complete security tooling onboarding; review IAM baselines.,Tune SIEM detections; contribute to incident drill.,Deliver control improvement with measurable risk reduction.,Show Secure Cloud Evidence Lab IAM/SIEM work; map controls to role requirements.; Connect cybersecurity case study and IAM work to enterprise security context.; Demonstrate cloud architecture patterns from Secure Cloud Evidence Lab.,What cloud platforms dominate?; How are incidents escalated?; What compliance frameworks guide security decisions?
RR062,J0062,"Business Systems Analyst supports proptech and enterprise operations need analytics/platform/security support. at CBRE, aligned with public strategic themes (Digital transformation). Support enterprise platforms, analytics, and security for DFW headquarters and regional operations..",PropTech and enterprise operations need analytics/platform/security support.,Enterprise Technology / Business Analysis,Learn team tools and deliver first small contribution.,Own a workflow or analysis with documented outcomes.,Present measurable improvement to stakeholders.,Show Secure Cloud Evidence Lab IAM/SIEM work; map controls to role requirements.; Demonstrate cloud architecture patterns from Secure Cloud Evidence Lab.; Show Streamlit dashboard and SQL analytics from CI OS as live demo.,What data platforms does the team use?; How are analytics requests prioritized?; What does success look like in the first 90 days?
RR063,J0063,"Operations Technology Analyst supports platform modernization and secure automation at CBRE, aligned with public strategic themes (Digital transformation). Support enterprise platforms, analytics, and security for DFW headquarters and regional operations..",platform modernization and secure automation,Operations Technology,Learn team tools and deliver first small contribution.,Own a workflow or analysis with documented outcomes.,Present measurable improvement to stakeholders.,Demonstrate cloud architecture patterns from Secure Cloud Evidence Lab.; Show Streamlit dashboard and SQL analytics from CI OS as live demo.; Build governed automation prototypes; document control evidence.,What data platforms does the team use?; How are analytics requests prioritized?; What does success look like in the first 90 days?
RR064,J0064,"Cloud Security Analyst supports strong dfw role base, but many roles require citizenship/clearance; filter aggressively. at Lockheed Martin, aligned with public strategic themes (Digital engineering). Engineer secure systems for defense programs; many roles require US citizenship/clearance..","Strong DFW role base, but many roles require citizenship/clearance; filter aggressively.",Security Engineering / Cloud Security,Complete security tooling onboarding; review IAM baselines.,Tune SIEM detections; contribute to incident drill.,Deliver control improvement with measurable risk reduction.,Show Secure Cloud Evidence Lab IAM/SIEM work; map controls to role requirements.; Demonstrate cloud architecture patterns from Secure Cloud Evidence Lab.; Show Streamlit dashboard and SQL analytics from CI OS as live demo.,What cloud platforms dominate?; How are incidents escalated?; What compliance frameworks guide security decisions?
RR065,J0065,"Business Systems Analyst supports platform modernization and secure automation at Lockheed Martin, aligned with public strategic themes (Digital engineering). Engineer secure systems for defense programs; many roles require US citizenship/clearance..",platform modernization and secure automation,Enterprise Technology / Business Analysis,Learn team tools and deliver first small contribution.,Own a workflow or analysis with documented outcomes.,Present measurable improvement to stakeholders.,Demonstrate cloud architecture patterns from Secure Cloud Evidence Lab.; Show Streamlit dashboard and SQL analytics from CI OS as live demo.; Build governed automation prototypes; document control evidence.,What data platforms does the team use?; How are analytics requests prioritized?; What does success look like in the first 90 days?
RR066,J0066,"Data Engineer supports dfw aerospace/defense systems roles exist, but citizenship restrictions can create noise. at Raytheon / RTX, aligned with public strategic themes (Digital engineering). Engineer secure systems for defense programs; many roles require US citizenship/clearance..","DFW aerospace/defense systems roles exist, but citizenship restrictions can create noise.",Data Analytics / Engineering,Learn data warehouse and metric definitions.,Build dashboard or analysis for one product area.,Present insights that influence a product or risk decision.,Demonstrate cloud architecture patterns from Secure Cloud Evidence Lab.; Show Streamlit dashboard and SQL analytics from CI OS as live demo.; Build governed automation prototypes; document control evidence.,What data platforms does the team use?; How are analytics requests prioritized?; What does success look like in the first 90 days?
RR067,J0067,"Technology Analyst supports data pipeline reliability and audit readiness at Raytheon / RTX, aligned with public strategic themes (Digital engineering). Engineer secure systems for defense programs; many roles require US citizenship/clearance..",data pipeline reliability and audit readiness,Enterprise Technology / Business Analysis,Learn team tools and deliver first small contribution.,Own a workflow or analysis with documented outcomes.,Present measurable improvement to stakeholders.,Demonstrate cloud architecture patterns from Secure Cloud Evidence Lab.; Show Streamlit dashboard and SQL analytics from CI OS as live demo.; Build governed automation prototypes; document control evidence.,What data platforms does the team use?; How are analytics requests prioritized?; What does success look like in the first 90 days?
RR068,J0068,"Platform Engineer supports logistics and rail operations need data, security, and enterprise systems. at BNSF Railway, aligned with public strategic themes (Digital transformation). Support enterprise platforms, analytics, and security for DFW headquarters and regional operations..","Logistics and rail operations need data, security, and enterprise systems.",Enterprise Technology,Learn team tools and deliver first small contribution.,Own a workflow or analysis with documented outcomes.,Present measurable improvement to stakeholders.,Show Secure Cloud Evidence Lab IAM/SIEM work; map controls to role requirements.; Demonstrate cloud architecture patterns from Secure Cloud Evidence Lab.; Show Streamlit dashboard and SQL analytics from CI OS as live demo.,What does success look like in the first 90 days?; Which teams will I partner with most?; What are the biggest current blockers?
RR069,J0069,"Business Systems Analyst supports technology risk controls and grc evidence at BNSF Railway, aligned with public strategic themes (Digital transformation). Support enterprise platforms, analytics, and security for DFW headquarters and regional operations..",technology risk controls and GRC evidence,Enterprise Technology / Business Analysis,Learn team tools and deliver first small contribution.,Own a workflow or analysis with documented outcomes.,Present measurable improvement to stakeholders.,Demonstrate cloud architecture patterns from Secure Cloud Evidence Lab.; Show Streamlit dashboard and SQL analytics from CI OS as live demo.; Build governed automation prototypes; document control evidence.,What data platforms does the team use?; How are analytics requests prioritized?; What does success look like in the first 90 days?
RR070,J0070,"Cloud Analyst supports financial services and auto lending drive risk, data, and platform roles. at GM Financial, aligned with public strategic themes (Digital banking). Scale regulated digital products, automate operations, and maintain security controls across global platforms..","Financial services and auto lending drive risk, data, and platform roles.",Cloud Engineering / Platform,Learn team tools and deliver first small contribution.,Own a workflow or analysis with documented outcomes.,Present measurable improvement to stakeholders.,Demonstrate cloud architecture patterns from Secure Cloud Evidence Lab.; Show Streamlit dashboard and SQL analytics from CI OS as live demo.; Build governed automation prototypes; document control evidence.,What data platforms does the team use?; How are analytics requests prioritized?; What does success look like in the first 90 days?
RR071,J0071,"Platform Engineer supports platform modernization and secure automation at GM Financial, aligned with public strategic themes (Digital banking). Scale regulated digital products, automate operations, and maintain security controls across global platforms..",platform modernization and secure automation,Enterprise Technology,Learn team tools and deliver first small contribution.,Own a workflow or analysis with documented outcomes.,Present measurable improvement to stakeholders.,Demonstrate cloud architecture patterns from Secure Cloud Evidence Lab.; Show Streamlit dashboard and SQL analytics from CI OS as live demo.; Build governed automation prototypes; document control evidence.,What does success look like in the first 90 days?; Which teams will I partner with most?; What are the biggest current blockers?
RR072,J0072,"Cloud Security Analyst supports travel platforms require software, cloud, data, and security talent. at Sabre, aligned with public strategic themes (Digital transformation). Support enterprise platforms, analytics, and security for DFW headquarters and regional operations..","Travel platforms require software, cloud, data, and security talent.",Security Engineering / Cloud Security,Complete security tooling onboarding; review IAM baselines.,Tune SIEM detections; contribute to incident drill.,Deliver control improvement with measurable risk reduction.,Show Secure Cloud Evidence Lab IAM/SIEM work; map controls to role requirements.; Demonstrate cloud architecture patterns from Secure Cloud Evidence Lab.; Show Streamlit dashboard and SQL analytics from CI OS as live demo.,What cloud platforms dominate?; How are incidents escalated?; What compliance frameworks guide security decisions?
RR073,J0073,"Technology Risk Analyst supports ai-driven workflow productivity and controls at Sabre, aligned with public strategic themes (Digital transformation). Support enterprise platforms, analytics, and security for DFW headquarters and regional operations..",AI-driven workflow productivity and controls,Technology Risk / GRC,Learn team tools and deliver first small contribution.,Own a workflow or analysis with documented outcomes.,Present measurable improvement to stakeholders.,Demonstrate cloud architecture patterns from Secure Cloud Evidence Lab.; Show Streamlit dashboard and SQL analytics from CI OS as live demo.; Build governed automation prototypes; document control evidence.,What data platforms does the team use?; How are analytics requests prioritized?; What does success look like in the first 90 days?
RR074,J0074,"Data Analyst supports saas financial platform needs engineering, cloud, and cybersecurity talent. at Alkami Technology, aligned with public strategic themes (Digital banking). Scale regulated digital products, automate operations, and maintain security controls across global platforms..","SaaS financial platform needs engineering, cloud, and cybersecurity talent.",Data Analytics / Engineering,Learn data warehouse and metric definitions.,Build dashboard or analysis for one product area.,Present insights that influence a product or risk decision.,Show Secure Cloud Evidence Lab IAM/SIEM work; map controls to role requirements.; Connect cybersecurity case study and IAM work to enterprise security context.; Demonstrate cloud architecture patterns from Secure Cloud Evidence Lab.,What data platforms does the team use?; How are analytics requests prioritized?; What does success look like in the first 90 days?
RR075,J0075,"Technology Risk Analyst supports ai-driven workflow productivity and controls at Alkami Technology, aligned with public strategic themes (Digital banking). Scale regulated digital products, automate operations, and maintain security controls across global platforms..",AI-driven workflow productivity and controls,Technology Risk / GRC,Learn team tools and deliver first small contribution.,Own a workflow or analysis with documented outcomes.,Present measurable improvement to stakeholders.,Demonstrate cloud architecture patterns from Secure Cloud Evidence Lab.; Show Streamlit dashboard and SQL analytics from CI OS as live demo.; Build governed automation prototypes; document control evidence.,What data platforms does the team use?; How are analytics requests prioritized?; What does success look like in the first 90 days?
RR076,J0076,"Data Analyst supports govtech software requires secure cloud systems and analytics. at Tyler Technologies, aligned with public strategic themes (Digital transformation). Support enterprise platforms, analytics, and security for DFW headquarters and regional operations..",GovTech software requires secure cloud systems and analytics.,Data Analytics / Engineering,Learn data warehouse and metric definitions.,Build dashboard or analysis for one product area.,Present insights that influence a product or risk decision.,Demonstrate cloud architecture patterns from Secure Cloud Evidence Lab.; Show Streamlit dashboard and SQL analytics from CI OS as live demo.; Build governed automation prototypes; document control evidence.,What data platforms does the team use?; How are analytics requests prioritized?; What does success look like in the first 90 days?
RR077,J0077,"Cybersecurity Analyst supports enterprise iam and zero-trust implementation at Tyler Technologies, aligned with public strategic themes (Digital transformation). Support enterprise platforms, analytics, and security for DFW headquarters and regional operations..",enterprise IAM and zero-trust implementation,Security Engineering / Cloud Security,Complete security tooling onboarding; review IAM baselines.,Tune SIEM detections; contribute to incident drill.,Deliver control improvement with measurable risk reduction.,Show Secure Cloud Evidence Lab IAM/SIEM work; map controls to role requirements.; Connect cybersecurity case study and IAM work to enterprise security context.; Demonstrate cloud architecture patterns from Secure Cloud Evidence Lab.,What cloud platforms dominate?; How are incidents escalated?; What compliance frameworks guide security decisions?
RR078,J0078,"Data Engineer supports insurance tech requires risk analytics, cloud, and security controls. at State Farm, aligned with public strategic themes (Digital transformation). Support enterprise platforms, analytics, and security for DFW headquarters and regional operations..","Insurance tech requires risk analytics, cloud, and security controls.",Data Analytics / Engineering,Learn data warehouse and metric definitions.,Build dashboard or analysis for one product area.,Present insights that influence a product or risk decision.,Show Secure Cloud Evidence Lab IAM/SIEM work; map controls to role requirements.; Demonstrate cloud architecture patterns from Secure Cloud Evidence Lab.; Show Streamlit dashboard and SQL analytics from CI OS as live demo.,What data platforms does the team use?; How are analytics requests prioritized?; What does success look like in the first 90 days?
RR079,J0079,"Business Systems Analyst supports ai-driven workflow productivity and controls at State Farm, aligned with public strategic themes (Digital transformation). Support enterprise platforms, analytics, and security for DFW headquarters and regional operations..",AI-driven workflow productivity and controls,Enterprise Technology / Business Analysis,Learn team tools and deliver first small contribution.,Own a workflow or analysis with documented outcomes.,Present measurable improvement to stakeholders.,Demonstrate cloud architecture patterns from Secure Cloud Evidence Lab.; Show Streamlit dashboard and SQL analytics from CI OS as live demo.; Build governed automation prototypes; document control evidence.,What data platforms does the team use?; How are analytics requests prioritized?; What does success look like in the first 90 days?
RR080,J0080,"Data Engineer supports insurance platforms need analytics, security, and cloud modernization. at Liberty Mutual, aligned with public strategic themes (Digital transformation). Support enterprise platforms, analytics, and security for DFW headquarters and regional operations..","Insurance platforms need analytics, security, and cloud modernization.",Data Analytics / Engineering,Learn data warehouse and metric definitions.,Build dashboard or analysis for one product area.,Present insights that influence a product or risk decision.,Show Secure Cloud Evidence Lab IAM/SIEM work; map controls to role requirements.; Demonstrate cloud architecture patterns from Secure Cloud Evidence Lab.; Show Streamlit dashboard and SQL analytics from CI OS as live demo.,What data platforms does the team use?; How are analytics requests prioritized?; What does success look like in the first 90 days?
RR081,J0081,"Cloud Analyst supports enterprise iam and zero-trust implementation at Liberty Mutual, aligned with public strategic themes (Digital transformation). Support enterprise platforms, analytics, and security for DFW headquarters and regional operations..",enterprise IAM and zero-trust implementation,Cloud Engineering / Platform,Learn team tools and deliver first small contribution.,Own a workflow or analysis with documented outcomes.,Present measurable improvement to stakeholders.,Demonstrate cloud architecture patterns from Secure Cloud Evidence Lab.; Show Streamlit dashboard and SQL analytics from CI OS as live demo.; Build governed automation prototypes; document control evidence.,What data platforms does the team use?; How are analytics requests prioritized?; What does success look like in the first 90 days?
RR082,J0082,"Data Engineer supports large cpg operations create data and supply-chain technology needs. at PepsiCo / Frito-Lay, aligned with public strategic themes (Digital transformation). Support enterprise platforms, analytics, and security for DFW headquarters and regional operations..",Large CPG operations create data and supply-chain technology needs.,Data Analytics / Engineering,Learn data warehouse and metric definitions.,Build dashboard or analysis for one product area.,Present insights that influence a product or risk decision.,Demonstrate cloud architecture patterns from Secure Cloud Evidence Lab.; Show Streamlit dashboard and SQL analytics from CI OS as live demo.; Build governed automation prototypes; document control evidence.,What data platforms does the team use?; How are analytics requests prioritized?; What does success look like in the first 90 days?
RR083,J0083,"Security Engineer supports technology risk controls and grc evidence at PepsiCo / Frito-Lay, aligned with public strategic themes (Digital transformation). Support enterprise platforms, analytics, and security for DFW headquarters and regional operations..",technology risk controls and GRC evidence,Security Engineering / Cloud Security,Complete security tooling onboarding; review IAM baselines.,Tune SIEM detections; contribute to incident drill.,Deliver control improvement with measurable risk reduction.,Show Secure Cloud Evidence Lab IAM/SIEM work; map controls to role requirements.; Demonstrate cloud architecture patterns from Secure Cloud Evidence Lab.; Show Streamlit dashboard and SQL analytics from CI OS as live demo.,What cloud platforms dominate?; How are incidents escalated?; What compliance frameworks guide security decisions?
RR084,J0084,"Data Engineer supports banking compliance, risk, and modernization create relevant roles. at Wells Fargo, aligned with public strategic themes (Digital banking). Scale regulated digital products, automate operations, and maintain security controls across global platforms..","Banking compliance, risk, and modernization create relevant roles.",Data Analytics / Engineering,Learn data warehouse and metric definitions.,Build dashboard or analysis for one product area.,Present insights that influence a product or risk decision.,Demonstrate cloud architecture patterns from Secure Cloud Evidence Lab.; Show Streamlit dashboard and SQL analytics from CI OS as live demo.; Build governed automation prototypes; document control evidence.,What data platforms does the team use?; How are analytics requests prioritized?; What does success look like in the first 90 days?
RR085,J0085,"AI Automation Analyst supports platform modernization and secure automation at Wells Fargo, aligned with public strategic themes (Digital banking). Scale regulated digital products, automate operations, and maintain security controls across global platforms..",platform modernization and secure automation,AI/Automation COE,Learn automation toolchain and control requirements; deliver one pilot workflow.,Ship two governed automations with audit evidence; partner on KPI dashboard.,Present ROI summary and propose next automation backlog.,Demonstrate cloud architecture patterns from Secure Cloud Evidence Lab.; Show Streamlit dashboard and SQL analytics from CI OS as live demo.; Build governed automation prototypes; document control evidence.,What data platforms does the team use?; How are analytics requests prioritized?; What does success look like in the first 90 days?
RR086,J0086,"Data Analyst supports dallas regional expansion implies future hiring; active roles must be checked. at Morgan Stanley, aligned with public strategic themes (Digital banking). Scale regulated digital products, automate operations, and maintain security controls across global platforms..",Dallas regional expansion implies future hiring; active roles must be checked.,Data Analytics / Engineering,Learn data warehouse and metric definitions.,Build dashboard or analysis for one product area.,Present insights that influence a product or risk decision.,Demonstrate cloud architecture patterns from Secure Cloud Evidence Lab.; Show Streamlit dashboard and SQL analytics from CI OS as live demo.; Build governed automation prototypes; document control evidence.,What data platforms does the team use?; How are analytics requests prioritized?; What does success look like in the first 90 days?
RR087,J0087,"Platform Engineer supports cloud security monitoring and incident response at Morgan Stanley, aligned with public strategic themes (Digital banking). Scale regulated digital products, automate operations, and maintain security controls across global platforms..",cloud security monitoring and incident response,Enterprise Technology,Learn team tools and deliver first small contribution.,Own a workflow or analysis with documented outcomes.,Present measurable improvement to stakeholders.,Show Secure Cloud Evidence Lab IAM/SIEM work; map controls to role requirements.; Demonstrate cloud architecture patterns from Secure Cloud Evidence Lab.; Show Streamlit dashboard and SQL analytics from CI OS as live demo.,What does success look like in the first 90 days?; Which teams will I partner with most?; What are the biggest current blockers?
RR088,J0088,"Cybersecurity Analyst supports dallas finance exchange expansion creates tech/data/business operations angles. at Nasdaq, aligned with public strategic themes (Digital banking). Scale regulated digital products, automate operations, and maintain security controls across global platforms..",Dallas finance exchange expansion creates tech/data/business operations angles.,Security Engineering / Cloud Security,Complete security tooling onboarding; review IAM baselines.,Tune SIEM detections; contribute to incident drill.,Deliver control improvement with measurable risk reduction.,Show Secure Cloud Evidence Lab IAM/SIEM work; map controls to role requirements.; Connect cybersecurity case study and IAM work to enterprise security context.; Demonstrate cloud architecture patterns from Secure Cloud Evidence Lab.,What cloud platforms dominate?; How are incidents escalated?; What compliance frameworks guide security decisions?
RR089,J0089,"Technology Risk Analyst supports ai automation governance and measurable outcomes at Nasdaq, aligned with public strategic themes (Digital banking). Scale regulated digital products, automate operations, and maintain security controls across global platforms..",AI automation governance and measurable outcomes,Technology Risk / GRC,Learn team tools and deliver first small contribution.,Own a workflow or analysis with documented outcomes.,Present measurable improvement to stakeholders.,Demonstrate cloud architecture patterns from Secure Cloud Evidence Lab.; Show Streamlit dashboard and SQL analytics from CI OS as live demo.; Build governed automation prototypes; document control evidence.,What data platforms does the team use?; How are analytics requests prioritized?; What does success look like in the first 90 days?
RR090,J0090,"Cloud Security Analyst supports new dallas exchange presence creates networking opportunity before roles mature. at NYSE Texas / Intercontinental Exchange, aligned with public strategic themes (Digital banking). Scale regulated digital products, automate operations, and maintain security controls across global platforms..",New Dallas exchange presence creates networking opportunity before roles mature.,Security Engineering / Cloud Security,Complete security tooling onboarding; review IAM baselines.,Tune SIEM detections; contribute to incident drill.,Deliver control improvement with measurable risk reduction.,Show Secure Cloud Evidence Lab IAM/SIEM work; map controls to role requirements.; Demonstrate cloud architecture patterns from Secure Cloud Evidence Lab.; Show Streamlit dashboard and SQL analytics from CI OS as live demo.,What cloud platforms dominate?; How are incidents escalated?; What compliance frameworks guide security decisions?
RR091,J0091,"Technology Analyst supports ai-driven workflow productivity and controls at NYSE Texas / Intercontinental Exchange, aligned with public strategic themes (Digital banking). Scale regulated digital products, automate operations, and maintain security controls across global platforms..",AI-driven workflow productivity and controls,Enterprise Technology / Business Analysis,Learn team tools and deliver first small contribution.,Own a workflow or analysis with documented outcomes.,Present measurable improvement to stakeholders.,Demonstrate cloud architecture patterns from Secure Cloud Evidence Lab.; Show Streamlit dashboard and SQL analytics from CI OS as live demo.; Build governed automation prototypes; document control evidence.,What data platforms does the team use?; How are analytics requests prioritized?; What does success look like in the first 90 days?
RR092,J0092,"Data Analyst supports industrial software and digital twin platforms create strong tech roles. at Siemens Industry Software, aligned with public strategic themes (Digital transformation). Support enterprise platforms, analytics, and security for DFW headquarters and regional operations..",Industrial software and digital twin platforms create strong tech roles.,Data Analytics / Engineering,Learn data warehouse and metric definitions.,Build dashboard or analysis for one product area.,Present insights that influence a product or risk decision.,Demonstrate cloud architecture patterns from Secure Cloud Evidence Lab.; Show Streamlit dashboard and SQL analytics from CI OS as live demo.; Build governed automation prototypes; document control evidence.,What data platforms does the team use?; How are analytics requests prioritized?; What does success look like in the first 90 days?
RR093,J0093,"Security Engineer supports ai-driven workflow productivity and controls at Siemens Industry Software, aligned with public strategic themes (Digital transformation). Support enterprise platforms, analytics, and security for DFW headquarters and regional operations..",AI-driven workflow productivity and controls,Security Engineering / Cloud Security,Complete security tooling onboarding; review IAM baselines.,Tune SIEM detections; contribute to incident drill.,Deliver control improvement with measurable risk reduction.,Show Secure Cloud Evidence Lab IAM/SIEM work; map controls to role requirements.; Demonstrate cloud architecture patterns from Secure Cloud Evidence Lab.; Show Streamlit dashboard and SQL analytics from CI OS as live demo.,What cloud platforms dominate?; How are incidents escalated?; What compliance frameworks guide security decisions?
RR094,J0094,"Business Systems Analyst supports semiconductor operations generate data/security/it roles; dfw location must be verified. at NXP USA, aligned with public strategic themes (Software-defined vehicles). Build connected vehicle platforms, secure automotive software supply chains, and digitize manufacturing..",Semiconductor operations generate data/security/IT roles; DFW location must be verified.,Enterprise Technology / Business Analysis,Learn team tools and deliver first small contribution.,Own a workflow or analysis with documented outcomes.,Present measurable improvement to stakeholders.,Show Secure Cloud Evidence Lab IAM/SIEM work; map controls to role requirements.; Demonstrate cloud architecture patterns from Secure Cloud Evidence Lab.; Show Streamlit dashboard and SQL analytics from CI OS as live demo.,What data platforms does the team use?; How are analytics requests prioritized?; What does success look like in the first 90 days?
RR095,J0095,"Business Systems Analyst supports strong data platform and hr-tech fit; dfw role fit depends on remote/tx availability. at Indeed, aligned with public strategic themes (Digital transformation). Support enterprise platforms, analytics, and security for DFW headquarters and regional operations..",Strong data platform and HR-tech fit; DFW role fit depends on remote/TX availability.,Enterprise Technology / Business Analysis,Learn team tools and deliver first small contribution.,Own a workflow or analysis with documented outcomes.,Present measurable improvement to stakeholders.,Demonstrate cloud architecture patterns from Secure Cloud Evidence Lab.; Show Streamlit dashboard and SQL analytics from CI OS as live demo.; Build governed automation prototypes; document control evidence.,What data platforms does the team use?; How are analytics requests prioritized?; What does success look like in the first 90 days?
RR096,J0096,"Data Analyst supports risk management and operational data visibility at Indeed, aligned with public strategic themes (Digital transformation). Support enterprise platforms, analytics, and security for DFW headquarters and regional operations..",risk management and operational data visibility,Data Analytics / Engineering,Learn data warehouse and metric definitions.,Build dashboard or analysis for one product area.,Present insights that influence a product or risk decision.,Demonstrate cloud architecture patterns from Secure Cloud Evidence Lab.; Show Streamlit dashboard and SQL analytics from CI OS as live demo.; Build governed automation prototypes; document control evidence.,What data platforms does the team use?; How are analytics requests prioritized?; What does success look like in the first 90 days?
RR097,J0097,"Cybersecurity Analyst supports healthcare/research environment supports data and systems roles; compensation/sponsorship varies. at UT Southwestern Medical Center, aligned with public strategic themes (Health IT modernization). Secure patient data, automate supply chain, and enable research and clinical analytics..",Healthcare/research environment supports data and systems roles; compensation/sponsorship varies.,Security Engineering / Cloud Security,Complete security tooling onboarding; review IAM baselines.,Tune SIEM detections; contribute to incident drill.,Deliver control improvement with measurable risk reduction.,Show Secure Cloud Evidence Lab IAM/SIEM work; map controls to role requirements.; Connect cybersecurity case study and IAM work to enterprise security context.; Demonstrate cloud architecture patterns from Secure Cloud Evidence Lab.,What cloud platforms dominate?; How are incidents escalated?; What compliance frameworks guide security decisions?
RR098,J0098,"Data Analyst supports ai automation governance and measurable outcomes at UT Southwestern Medical Center, aligned with public strategic themes (Health IT modernization). Secure patient data, automate supply chain, and enable research and clinical analytics..",AI automation governance and measurable outcomes,Data Analytics / Engineering,Learn data warehouse and metric definitions.,Build dashboard or analysis for one product area.,Present insights that influence a product or risk decision.,Demonstrate cloud architecture patterns from Secure Cloud Evidence Lab.; Show Streamlit dashboard and SQL analytics from CI OS as live demo.; Build governed automation prototypes; document control evidence.,What data platforms does the team use?; How are analytics requests prioritized?; What does success look like in the first 90 days?
RR099,J0099,"Cloud Analyst supports local institution with sponsor signal, but role fit and salary may vary. at Dallas Independent School District, aligned with public strategic themes (Health IT modernization). Secure patient data, automate supply chain, and enable research and clinical analytics..","Local institution with sponsor signal, but role fit and salary may vary.",Cloud Engineering / Platform,Learn team tools and deliver first small contribution.,Own a workflow or analysis with documented outcomes.,Present measurable improvement to stakeholders.,Demonstrate cloud architecture patterns from Secure Cloud Evidence Lab.; Show Streamlit dashboard and SQL analytics from CI OS as live demo.; Build governed automation prototypes; document control evidence.,What data platforms does the team use?; How are analytics requests prioritized?; What does success look like in the first 90 days?
RR100,J0100,"Technology Analyst supports healthcare/research systems demand data and security talent; dfw entity must be matched carefully. at Baylor College of Medicine / Baylor Scott & White ecosystem, aligned with public strategic themes (Health IT modernization). Secure patient data, automate supply chain, and enable research and clinical analytics..",Healthcare/research systems demand data and security talent; DFW entity must be matched carefully.,Enterprise Technology / Business Analysis,Learn team tools and deliver first small contribution.,Own a workflow or analysis with documented outcomes.,Present measurable improvement to stakeholders.,Show Secure Cloud Evidence Lab IAM/SIEM work; map controls to role requirements.; Demonstrate cloud architecture patterns from Secure Cloud Evidence Lab.; Show Streamlit dashboard and SQL analytics from CI OS as live demo.,What data platforms does the team use?; How are analytics requests prioritized?; What does success look like in the first 90 days?
RR101,J0101,"Data Engineer supports ai-driven workflow productivity and controls at Baylor College of Medicine / Baylor Scott & White ecosystem, aligned with public strategic themes (Health IT modernization). Secure patient data, automate supply chain, and enable research and clinical analytics..",AI-driven workflow productivity and controls,Data Analytics / Engineering,Learn data warehouse and metric definitions.,Build dashboard or analysis for one product area.,Present insights that influence a product or risk decision.,Demonstrate cloud architecture patterns from Secure Cloud Evidence Lab.; Show Streamlit dashboard and SQL analytics from CI OS as live demo.; Build governed automation prototypes; document control evidence.,What data platforms does the team use?; How are analytics requests prioritized?; What does success look like in the first 90 days?
RR102,J0102,"Cloud Security Analyst supports engineering project delivery creates systems, data, and security operations roles. at Fluor Corporation, aligned with public strategic themes (Digital transformation). Support enterprise platforms, analytics, and security for DFW headquarters and regional operations..","Engineering project delivery creates systems, data, and security operations roles.",Security Engineering / Cloud Security,Complete security tooling onboarding; review IAM baselines.,Tune SIEM detections; contribute to incident drill.,Deliver control improvement with measurable risk reduction.,Show Secure Cloud Evidence Lab IAM/SIEM work; map controls to role requirements.; Demonstrate cloud architecture patterns from Secure Cloud Evidence Lab.; Show Streamlit dashboard and SQL analytics from CI OS as live demo.,What cloud platforms dominate?; How are incidents escalated?; What compliance frameworks guide security decisions?
RR103,J0103,"Security Engineer supports infrastructure and engineering modernization create data/digital/security roles. at Jacobs Solutions, aligned with public strategic themes (Client digital transformation). Staff client-facing delivery teams for enterprise transformation and managed security programs..",Infrastructure and engineering modernization create data/digital/security roles.,Security Engineering / Cloud Security,Complete security tooling onboarding; review IAM baselines.,Tune SIEM detections; contribute to incident drill.,Deliver control improvement with measurable risk reduction.,Show Secure Cloud Evidence Lab IAM/SIEM work; map controls to role requirements.; Demonstrate cloud architecture patterns from Secure Cloud Evidence Lab.; Show Streamlit dashboard and SQL analytics from CI OS as live demo.,What cloud platforms dominate?; How are incidents escalated?; What compliance frameworks guide security decisions?
RR104,J0104,"Operations Technology Analyst supports data pipeline reliability and audit readiness at Jacobs Solutions, aligned with public strategic themes (Client digital transformation). Staff client-facing delivery teams for enterprise transformation and managed security programs..",data pipeline reliability and audit readiness,Operations Technology,Learn team tools and deliver first small contribution.,Own a workflow or analysis with documented outcomes.,Present measurable improvement to stakeholders.,Demonstrate cloud architecture patterns from Secure Cloud Evidence Lab.; Show Streamlit dashboard and SQL analytics from CI OS as live demo.; Build governed automation prototypes; document control evidence.,What data platforms does the team use?; How are analytics requests prioritized?; What does success look like in the first 90 days?
RR105,J0105,"Operations Technology Analyst supports large enterprise and supply chain operations need analytics and secure systems. at Kimberly-Clark, aligned with public strategic themes (Digital transformation). Support enterprise platforms, analytics, and security for DFW headquarters and regional operations..",Large enterprise and supply chain operations need analytics and secure systems.,Operations Technology,Learn team tools and deliver first small contribution.,Own a workflow or analysis with documented outcomes.,Present measurable improvement to stakeholders.,Demonstrate cloud architecture patterns from Secure Cloud Evidence Lab.; Show Streamlit dashboard and SQL analytics from CI OS as live demo.; Build governed automation prototypes; document control evidence.,What data platforms does the team use?; How are analytics requests prioritized?; What does success look like in the first 90 days?
RR106,J0106,"Security Engineer supports manufacturing/chemicals enterprise systems create technical support and analytics roles. at Celanese, aligned with public strategic themes (Digital transformation). Support enterprise platforms, analytics, and security for DFW headquarters and regional operations..",Manufacturing/chemicals enterprise systems create technical support and analytics roles.,Security Engineering / Cloud Security,Complete security tooling onboarding; review IAM baselines.,Tune SIEM detections; contribute to incident drill.,Deliver control improvement with measurable risk reduction.,Show Secure Cloud Evidence Lab IAM/SIEM work; map controls to role requirements.; Demonstrate cloud architecture patterns from Secure Cloud Evidence Lab.; Show Streamlit dashboard and SQL analytics from CI OS as live demo.,What cloud platforms dominate?; How are incidents escalated?; What compliance frameworks guide security decisions?
RR107,J0107,"Data Engineer supports energy operations and cyber resilience create technical needs; sponsor policy must be verified. at Vistra, aligned with public strategic themes (Digital transformation). Support enterprise platforms, analytics, and security for DFW headquarters and regional operations..",Energy operations and cyber resilience create technical needs; sponsor policy must be verified.,Data Analytics / Engineering,Learn data warehouse and metric definitions.,Build dashboard or analysis for one product area.,Present insights that influence a product or risk decision.,Connect cybersecurity case study and IAM work to enterprise security context.; Demonstrate cloud architecture patterns from Secure Cloud Evidence Lab.; Show Streamlit dashboard and SQL analytics from CI OS as live demo.,What data platforms does the team use?; How are analytics requests prioritized?; What does success look like in the first 90 days?
