company,title,location,job_url,description,posted_date,role_family,visa_notes
JPMorgan Chase,AI Automation Analyst,Plano / Dallas,https://careers.jpmorgan.com/us/en/students/programs/software-engineer-summer,"We are seeking a AI Automation Analyst to support Bank is pushing AI productivity and has large DFW tech headcount; roles exist around platform modernization, controls, automation, and data systems.. Responsibilities include building data pipelines with Python and SQL, implementing IAM controls, monitoring with SIEM/Splunk, and automating workflows. Required: Python, SQL, cloud platforms (AWS/Azure/GCP), Kubernetes, Docker, Terraform, Agile/Jira, risk controls, AI automation, incident response. Preferred: experience with data analytics dashboards and stakeholder communication.",2026-06-28,Cloud / Security / Data / AI / Analyst,"Bank is pushing AI productivity and has large DFW tech headcount; roles exist around platform modernization, controls, automation, and data systems. — validate sponsorship via DOL/USCIS; signal only, not legal certainty."
JPMorgan Chase,Technology Analyst,Plano / Dallas,https://careers.jpmorgan.com/professionals,"Join our Technology Analyst team driving data pipeline reliability and audit readiness. You will analyze operational data, design secure cloud architectures, tune SIEM detections, and partner with engineering on platform modernization. Skills: Python, SQL, IAM, SIEM, Splunk, Kubernetes, Docker, Terraform, data pipelines, AI automation, incident response, Agile delivery, business analysis.",2026-07-01,Cloud / Security / Data / AI / Analyst,"data pipeline reliability and audit readiness — validate sponsorship via DOL/USCIS; signal only, not legal certainty."
JPMorgan Chase,Cloud Security Analyst,Plano / Dallas,https://careers.jpmorgan.com/about/technology,"The Cloud Security Analyst role addresses AI automation governance and measurable outcomes across our DFW technology organization. Build automation scripts, maintain risk control evidence, support incident response, and deliver KPI dashboards. Must have Python, SQL, cloud security fundamentals, data analytics, and strong communication skills.",2026-07-03,Cloud / Security / Data / AI / Analyst,"AI automation governance and measurable outcomes — validate sponsorship via DOL/USCIS; signal only, not legal certainty."
Goldman Sachs,Security Engineer,Dallas,https://careers.example.com/goldman-sachs/jobs/J0004,"We are seeking a Security Engineer to support Dallas campus expansion and AI-driven finance workflows create demand for engineering, data, and operational risk talent.. Responsibilities include building data pipelines with Python and SQL, implementing IAM controls, monitoring with SIEM/Splunk, and automating workflows. Required: Python, SQL, cloud platforms (AWS/Azure/GCP), Kubernetes, Docker, Terraform, Agile/Jira, risk controls, AI automation, incident response. Preferred: experience with data analytics dashboards and stakeholder communication.",2026-04-04,Cloud / Security / Data / AI / Analyst,"Dallas campus expansion and AI-driven finance workflows create demand for engineering, data, and operational risk talent. — validate sponsorship via DOL/USCIS; signal only, not legal certainty."
Goldman Sachs,Business Systems Analyst,Dallas,https://careers.example.com/goldman-sachs/jobs/J0005,"Join our Business Systems Analyst team driving AI-driven workflow productivity and controls. You will analyze operational data, design secure cloud architectures, tune SIEM detections, and partner with engineering on platform modernization. Skills: Python, SQL, IAM, SIEM, Splunk, Kubernetes, Docker, Terraform, data pipelines, AI automation, incident response, Agile delivery, business analysis.",2026-05-05,Cloud / Security / Data / AI / Analyst,"AI-driven workflow productivity and controls — validate sponsorship via DOL/USCIS; signal only, not legal certainty."
Goldman Sachs,Operations Technology Analyst,Dallas,https://careers.example.com/goldman-sachs/jobs/J0006,"The Operations Technology Analyst role addresses AI automation governance and measurable outcomes across our DFW technology organization. Build automation scripts, maintain risk control evidence, support incident response, and deliver KPI dashboards. Must have Python, SQL, cloud security fundamentals, data analytics, and strong communication skills.",2026-06-06,Cloud / Security / Data / AI / Analyst,"AI automation governance and measurable outcomes — validate sponsorship via DOL/USCIS; signal only, not legal certainty."
Bank of America,Security Engineer,Dallas,https://careers.example.com/bank-of-america/jobs/J0007,"We are seeking a Security Engineer to support New Dallas campus and large DFW workforce suggest recurring technology, risk, and operations hiring.. Responsibilities include building data pipelines with Python and SQL, implementing IAM controls, monitoring with SIEM/Splunk, and automating workflows. Required: Python, SQL, cloud platforms (AWS/Azure/GCP), Kubernetes, Docker, Terraform, Agile/Jira, risk controls, AI automation, incident response. Preferred: experience with data analytics dashboards and stakeholder communication.",2026-01-07,Cloud / Security / Data / AI / Analyst,"New Dallas campus and large DFW workforce suggest recurring technology, risk, and operations hiring. — validate sponsorship via DOL/USCIS; signal only, not legal certainty."
Bank of America,Platform Engineer,Dallas,https://careers.example.com/bank-of-america/jobs/J0008,"Join our Platform Engineer team driving AI-driven workflow productivity and controls. You will analyze operational data, design secure cloud architectures, tune SIEM detections, and partner with engineering on platform modernization. Skills: Python, SQL, IAM, SIEM, Splunk, Kubernetes, Docker, Terraform, data pipelines, AI automation, incident response, Agile delivery, business analysis.",2026-02-08,Cloud / Security / Data / AI / Analyst,"AI-driven workflow productivity and controls — validate sponsorship via DOL/USCIS; signal only, not legal certainty."
Bank of America,Technology Risk Analyst,Dallas,https://careers.example.com/bank-of-america/jobs/J0009,"The Technology Risk Analyst role addresses enterprise IAM and zero-trust implementation across our DFW technology organization. Build automation scripts, maintain risk control evidence, support incident response, and deliver KPI dashboards. Must have Python, SQL, cloud security fundamentals, data analytics, and strong communication skills.",2026-03-09,Cloud / Security / Data / AI / Analyst,"enterprise IAM and zero-trust implementation — validate sponsorship via DOL/USCIS; signal only, not legal certainty."
Citi,Security Engineer,Irving,https://careers.example.com/citi/jobs/J0010,"We are seeking a Security Engineer to support Irving campus spans technology, global functions, services, and private bank; roles likely tied to risk, platform modernization, and operations.. Responsibilities include building data pipelines with Python and SQL, implementing IAM controls, monitoring with SIEM/Splunk, and automating workflows. Required: Python, SQL, cloud platforms (AWS/Azure/GCP), Kubernetes, Docker, Terraform, Agile/Jira, risk controls, AI automation, incident response. Preferred: experience with data analytics dashboards and stakeholder communication.",2026-04-10,Cloud / Security / Data / AI / Analyst,"Irving campus spans technology, global functions, services, and private bank; roles likely tied to risk, platform modernization, and operations. — validate sponsorship via DOL/USCIS; signal only, not legal certainty."
Citi,AI Automation Analyst,Irving,https://careers.example.com/citi/jobs/J0011,"Join our AI Automation Analyst team driving data pipeline reliability and audit readiness. You will analyze operational data, design secure cloud architectures, tune SIEM detections, and partner with engineering on platform modernization. Skills: Python, SQL, IAM, SIEM, Splunk, Kubernetes, Docker, Terraform, data pipelines, AI automation, incident response, Agile delivery, business analysis.",2026-05-11,Cloud / Security / Data / AI / Analyst,"data pipeline reliability and audit readiness — validate sponsorship via DOL/USCIS; signal only, not legal certainty."
Citi,Security Engineer,Irving,https://careers.example.com/citi/jobs/J0012,"The Security Engineer role addresses platform modernization and secure automation across our DFW technology organization. Build automation scripts, maintain risk control evidence, support incident response, and deliver KPI dashboards. Must have Python, SQL, cloud security fundamentals, data analytics, and strong communication skills.",2026-06-12,Cloud / Security / Data / AI / Analyst,"platform modernization and secure automation — validate sponsorship via DOL/USCIS; signal only, not legal certainty."
Charles Schwab,Cloud Analyst,Westlake / DFW,https://careers.example.com/charles-schwab/jobs/J0013,"We are seeking a Cloud Analyst to support Large Westlake HQ and finance-platform modernization create steady tech and risk needs.. Responsibilities include building data pipelines with Python and SQL, implementing IAM controls, monitoring with SIEM/Splunk, and automating workflows. Required: Python, SQL, cloud platforms (AWS/Azure/GCP), Kubernetes, Docker, Terraform, Agile/Jira, risk controls, AI automation, incident response. Preferred: experience with data analytics dashboards and stakeholder communication.",2026-01-13,Cloud / Security / Data / AI / Analyst,"Large Westlake HQ and finance-platform modernization create steady tech and risk needs. — validate sponsorship via DOL/USCIS; signal only, not legal certainty."
Charles Schwab,Data Engineer,Westlake / DFW,https://careers.example.com/charles-schwab/jobs/J0014,"Join our Data Engineer team driving AI automation governance and measurable outcomes. You will analyze operational data, design secure cloud architectures, tune SIEM detections, and partner with engineering on platform modernization. Skills: Python, SQL, IAM, SIEM, Splunk, Kubernetes, Docker, Terraform, data pipelines, AI automation, incident response, Agile delivery, business analysis.",2026-02-14,Cloud / Security / Data / AI / Analyst,"AI automation governance and measurable outcomes — validate sponsorship via DOL/USCIS; signal only, not legal certainty."
Charles Schwab,Data Analyst,Westlake / DFW,https://careers.example.com/charles-schwab/jobs/J0015,"The Data Analyst role addresses AI automation governance and measurable outcomes across our DFW technology organization. Build automation scripts, maintain risk control evidence, support incident response, and deliver KPI dashboards. Must have Python, SQL, cloud security fundamentals, data analytics, and strong communication skills.",2026-03-15,Cloud / Security / Data / AI / Analyst,"AI automation governance and measurable outcomes — validate sponsorship via DOL/USCIS; signal only, not legal certainty."
Capital One,Data Analyst,Plano,https://careers.example.com/capital-one/jobs/J0016,"We are seeking a Data Analyst to support Plano is a top employment hub; Capital One is cloud/data-heavy and fits MIS + cloud/cyber profile.. Responsibilities include building data pipelines with Python and SQL, implementing IAM controls, monitoring with SIEM/Splunk, and automating workflows. Required: Python, SQL, cloud platforms (AWS/Azure/GCP), Kubernetes, Docker, Terraform, Agile/Jira, risk controls, AI automation, incident response. Preferred: experience with data analytics dashboards and stakeholder communication.",2026-04-16,Cloud / Security / Data / AI / Analyst,"Plano is a top employment hub; Capital One is cloud/data-heavy and fits MIS + cloud/cyber profile. — validate sponsorship via DOL/USCIS; signal only, not legal certainty."
Capital One,Cloud Security Analyst,Plano,https://careers.example.com/capital-one/jobs/J0017,"Join our Cloud Security Analyst team driving cloud security monitoring and incident response. You will analyze operational data, design secure cloud architectures, tune SIEM detections, and partner with engineering on platform modernization. Skills: Python, SQL, IAM, SIEM, Splunk, Kubernetes, Docker, Terraform, data pipelines, AI automation, incident response, Agile delivery, business analysis.",2026-05-17,Cloud / Security / Data / AI / Analyst,"cloud security monitoring and incident response — validate sponsorship via DOL/USCIS; signal only, not legal certainty."
Capital One,Technology Risk Analyst,Plano,https://careers.example.com/capital-one/jobs/J0018,"The Technology Risk Analyst role addresses AI automation governance and measurable outcomes across our DFW technology organization. Build automation scripts, maintain risk control evidence, support incident response, and deliver KPI dashboards. Must have Python, SQL, cloud security fundamentals, data analytics, and strong communication skills.",2026-06-18,Cloud / Security / Data / AI / Analyst,"AI automation governance and measurable outcomes — validate sponsorship via DOL/USCIS; signal only, not legal certainty."
Toyota Motor North America,Cybersecurity Analyst,Plano,https://careers.example.com/toyota-motor-north-america/jobs/J0019,"We are seeking a Cybersecurity Analyst to support Auto platforms generate demand for data, cloud, cybersecurity, and enterprise systems.. Responsibilities include building data pipelines with Python and SQL, implementing IAM controls, monitoring with SIEM/Splunk, and automating workflows. Required: Python, SQL, cloud platforms (AWS/Azure/GCP), Kubernetes, Docker, Terraform, Agile/Jira, risk controls, AI automation, incident response. Preferred: experience with data analytics dashboards and stakeholder communication.",2026-01-19,Cloud / Security / Data / AI / Analyst,"Auto platforms generate demand for data, cloud, cybersecurity, and enterprise systems. — validate sponsorship via DOL/USCIS; signal only, not legal certainty."
Toyota Motor North America,Cloud Security Analyst,Plano,https://careers.example.com/toyota-motor-north-america/jobs/J0020,"Join our Cloud Security Analyst team driving platform modernization and secure automation. You will analyze operational data, design secure cloud architectures, tune SIEM detections, and partner with engineering on platform modernization. Skills: Python, SQL, IAM, SIEM, Splunk, Kubernetes, Docker, Terraform, data pipelines, AI automation, incident response, Agile delivery, business analysis.",2026-02-20,Cloud / Security / Data / AI / Analyst,"platform modernization and secure automation — validate sponsorship via DOL/USCIS; signal only, not legal certainty."
Toyota Motor North America,Cloud Security Analyst,Plano,https://careers.example.com/toyota-motor-north-america/jobs/J0021,"The Cloud Security Analyst role addresses AI-driven workflow productivity and controls across our DFW technology organization. Build automation scripts, maintain risk control evidence, support incident response, and deliver KPI dashboards. Must have Python, SQL, cloud security fundamentals, data analytics, and strong communication skills.",2026-03-21,Cloud / Security / Data / AI / Analyst,"AI-driven workflow productivity and controls — validate sponsorship via DOL/USCIS; signal only, not legal certainty."
AT&T,Operations Technology Analyst,Dallas / Plano / Irving,https://careers.example.com/at&t/jobs/J0022,"We are seeking a Operations Technology Analyst to support Telecom modernization, network security, and AI operations create strong technical hiring themes.. Responsibilities include building data pipelines with Python and SQL, implementing IAM controls, monitoring with SIEM/Splunk, and automating workflows. Required: Python, SQL, cloud platforms (AWS/Azure/GCP), Kubernetes, Docker, Terraform, Agile/Jira, risk controls, AI automation, incident response. Preferred: experience with data analytics dashboards and stakeholder communication.",2026-04-22,Cloud / Security / Data / AI / Analyst,"Telecom modernization, network security, and AI operations create strong technical hiring themes. — validate sponsorship via DOL/USCIS; signal only, not legal certainty."
AT&T,Platform Engineer,Dallas / Plano / Irving,https://careers.example.com/at&t/jobs/J0023,"Join our Platform Engineer team driving enterprise IAM and zero-trust implementation. You will analyze operational data, design secure cloud architectures, tune SIEM detections, and partner with engineering on platform modernization. Skills: Python, SQL, IAM, SIEM, Splunk, Kubernetes, Docker, Terraform, data pipelines, AI automation, incident response, Agile delivery, business analysis.",2026-05-23,Cloud / Security / Data / AI / Analyst,"enterprise IAM and zero-trust implementation — validate sponsorship via DOL/USCIS; signal only, not legal certainty."
AT&T,Business Systems Analyst,Dallas / Plano / Irving,https://careers.example.com/at&t/jobs/J0024,"The Business Systems Analyst role addresses AI-driven workflow productivity and controls across our DFW technology organization. Build automation scripts, maintain risk control evidence, support incident response, and deliver KPI dashboards. Must have Python, SQL, cloud security fundamentals, data analytics, and strong communication skills.",2026-06-24,Cloud / Security / Data / AI / Analyst,"AI-driven workflow productivity and controls — validate sponsorship via DOL/USCIS; signal only, not legal certainty."
Ericsson,AI Automation Analyst,Plano,https://careers.example.com/ericsson/jobs/J0025,"We are seeking a AI Automation Analyst to support 5G/cloud infrastructure and enterprise telecom create specialized technical roles.. Responsibilities include building data pipelines with Python and SQL, implementing IAM controls, monitoring with SIEM/Splunk, and automating workflows. Required: Python, SQL, cloud platforms (AWS/Azure/GCP), Kubernetes, Docker, Terraform, Agile/Jira, risk controls, AI automation, incident response. Preferred: experience with data analytics dashboards and stakeholder communication.",2026-01-25,Cloud / Security / Data / AI / Analyst,"5G/cloud infrastructure and enterprise telecom create specialized technical roles. — validate sponsorship via DOL/USCIS; signal only, not legal certainty."
Ericsson,Business Systems Analyst,Plano,https://careers.example.com/ericsson/jobs/J0026,"Join our Business Systems Analyst team driving technology risk controls and GRC evidence. You will analyze operational data, design secure cloud architectures, tune SIEM detections, and partner with engineering on platform modernization. Skills: Python, SQL, IAM, SIEM, Splunk, Kubernetes, Docker, Terraform, data pipelines, AI automation, incident response, Agile delivery, business analysis.",2026-02-26,Cloud / Security / Data / AI / Analyst,"technology risk controls and GRC evidence — validate sponsorship via DOL/USCIS; signal only, not legal certainty."
Ericsson,Cybersecurity Analyst,Plano,https://careers.example.com/ericsson/jobs/J0027,"The Cybersecurity Analyst role addresses AI automation governance and measurable outcomes across our DFW technology organization. Build automation scripts, maintain risk control evidence, support incident response, and deliver KPI dashboards. Must have Python, SQL, cloud security fundamentals, data analytics, and strong communication skills.",2026-03-27,Cloud / Security / Data / AI / Analyst,"AI automation governance and measurable outcomes — validate sponsorship via DOL/USCIS; signal only, not legal certainty."
NTT DATA,Technology Risk Analyst,Plano / Dallas,https://careers.example.com/ntt-data/jobs/J0028,"We are seeking a Technology Risk Analyst to support Consulting delivery and enterprise modernization create many matching roles; verify client-site nature.. Responsibilities include building data pipelines with Python and SQL, implementing IAM controls, monitoring with SIEM/Splunk, and automating workflows. Required: Python, SQL, cloud platforms (AWS/Azure/GCP), Kubernetes, Docker, Terraform, Agile/Jira, risk controls, AI automation, incident response. Preferred: experience with data analytics dashboards and stakeholder communication.",2026-04-28,Cloud / Security / Data / AI / Analyst,"Consulting delivery and enterprise modernization create many matching roles; verify client-site nature. — validate sponsorship via DOL/USCIS; signal only, not legal certainty."
NTT DATA,Platform Engineer,Plano / Dallas,https://careers.example.com/ntt-data/jobs/J0029,"Join our Platform Engineer team driving risk management and operational data visibility. You will analyze operational data, design secure cloud architectures, tune SIEM detections, and partner with engineering on platform modernization. Skills: Python, SQL, IAM, SIEM, Splunk, Kubernetes, Docker, Terraform, data pipelines, AI automation, incident response, Agile delivery, business analysis.",2026-05-01,Cloud / Security / Data / AI / Analyst,"risk management and operational data visibility — validate sponsorship via DOL/USCIS; signal only, not legal certainty."
NTT DATA,Platform Engineer,Plano / Dallas,https://careers.example.com/ntt-data/jobs/J0030,"The Platform Engineer role addresses AI automation governance and measurable outcomes across our DFW technology organization. Build automation scripts, maintain risk control evidence, support incident response, and deliver KPI dashboards. Must have Python, SQL, cloud security fundamentals, data analytics, and strong communication skills.",2026-06-02,Cloud / Security / Data / AI / Analyst,"AI automation governance and measurable outcomes — validate sponsorship via DOL/USCIS; signal only, not legal certainty."
Samsung Electronics America / Samsung Austin Semiconductor,Technology Analyst,Plano / Austin,https://careers.example.com/samsung-electronics-america---samsung-au/jobs/J0031,"We are seeking a Technology Analyst to support Semiconductor/electronics operations require analytics, systems, and security talent.. Responsibilities include building data pipelines with Python and SQL, implementing IAM controls, monitoring with SIEM/Splunk, and automating workflows. Required: Python, SQL, cloud platforms (AWS/Azure/GCP), Kubernetes, Docker, Terraform, Agile/Jira, risk controls, AI automation, incident response. Preferred: experience with data analytics dashboards and stakeholder communication.",2026-01-03,Cloud / Security / Data / AI / Analyst,"Semiconductor/electronics operations require analytics, systems, and security talent. — validate sponsorship via DOL/USCIS; signal only, not legal certainty."
Samsung Electronics America / Samsung Austin Semiconductor,Cybersecurity Analyst,Plano / Austin,https://careers.example.com/samsung-electronics-america---samsung-au/jobs/J0032,"Join our Cybersecurity Analyst team driving AI-driven workflow productivity and controls. You will analyze operational data, design secure cloud architectures, tune SIEM detections, and partner with engineering on platform modernization. Skills: Python, SQL, IAM, SIEM, Splunk, Kubernetes, Docker, Terraform, data pipelines, AI automation, incident response, Agile delivery, business analysis.",2026-02-04,Cloud / Security / Data / AI / Analyst,"AI-driven workflow productivity and controls — validate sponsorship via DOL/USCIS; signal only, not legal certainty."
Samsung Electronics America / Samsung Austin Semiconductor,Operations Technology Analyst,Plano / Austin,https://careers.example.com/samsung-electronics-america---samsung-au/jobs/J0033,"The Operations Technology Analyst role addresses data pipeline reliability and audit readiness across our DFW technology organization. Build automation scripts, maintain risk control evidence, support incident response, and deliver KPI dashboards. Must have Python, SQL, cloud security fundamentals, data analytics, and strong communication skills.",2026-03-05,Cloud / Security / Data / AI / Analyst,"data pipeline reliability and audit readiness — validate sponsorship via DOL/USCIS; signal only, not legal certainty."
KPMG,Data Analyst,Dallas,https://careers.example.com/kpmg/jobs/J0034,"We are seeking a Data Analyst to support Client risk, compliance, cyber, and AI governance demand aligns with MIS/cloud/cyber profile.. Responsibilities include building data pipelines with Python and SQL, implementing IAM controls, monitoring with SIEM/Splunk, and automating workflows. Required: Python, SQL, cloud platforms (AWS/Azure/GCP), Kubernetes, Docker, Terraform, Agile/Jira, risk controls, AI automation, incident response. Preferred: experience with data analytics dashboards and stakeholder communication.",2026-04-06,Cloud / Security / Data / AI / Analyst,"Client risk, compliance, cyber, and AI governance demand aligns with MIS/cloud/cyber profile. — validate sponsorship via DOL/USCIS; signal only, not legal certainty."
KPMG,Platform Engineer,Dallas,https://careers.example.com/kpmg/jobs/J0035,"Join our Platform Engineer team driving AI-driven workflow productivity and controls. You will analyze operational data, design secure cloud architectures, tune SIEM detections, and partner with engineering on platform modernization. Skills: Python, SQL, IAM, SIEM, Splunk, Kubernetes, Docker, Terraform, data pipelines, AI automation, incident response, Agile delivery, business analysis.",2026-05-07,Cloud / Security / Data / AI / Analyst,"AI-driven workflow productivity and controls — validate sponsorship via DOL/USCIS; signal only, not legal certainty."
KPMG,Business Systems Analyst,Dallas,https://careers.example.com/kpmg/jobs/J0036,"The Business Systems Analyst role addresses AI automation governance and measurable outcomes across our DFW technology organization. Build automation scripts, maintain risk control evidence, support incident response, and deliver KPI dashboards. Must have Python, SQL, cloud security fundamentals, data analytics, and strong communication skills.",2026-06-08,Cloud / Security / Data / AI / Analyst,"AI automation governance and measurable outcomes — validate sponsorship via DOL/USCIS; signal only, not legal certainty."
Deloitte,Technology Risk Analyst,Dallas,https://careers.example.com/deloitte/jobs/J0037,"We are seeking a Technology Risk Analyst to support Consulting projects create recurring demand, but sponsorship/role location varies by practice.. Responsibilities include building data pipelines with Python and SQL, implementing IAM controls, monitoring with SIEM/Splunk, and automating workflows. Required: Python, SQL, cloud platforms (AWS/Azure/GCP), Kubernetes, Docker, Terraform, Agile/Jira, risk controls, AI automation, incident response. Preferred: experience with data analytics dashboards and stakeholder communication.",2026-01-09,Cloud / Security / Data / AI / Analyst,"Consulting projects create recurring demand, but sponsorship/role location varies by practice. — validate sponsorship via DOL/USCIS; signal only, not legal certainty."
Deloitte,Technology Risk Analyst,Dallas,https://careers.example.com/deloitte/jobs/J0038,"Join our Technology Risk Analyst team driving AI automation governance and measurable outcomes. You will analyze operational data, design secure cloud architectures, tune SIEM detections, and partner with engineering on platform modernization. Skills: Python, SQL, IAM, SIEM, Splunk, Kubernetes, Docker, Terraform, data pipelines, AI automation, incident response, Agile delivery, business analysis.",2026-02-10,Cloud / Security / Data / AI / Analyst,"AI automation governance and measurable outcomes — validate sponsorship via DOL/USCIS; signal only, not legal certainty."
Deloitte,Data Analyst,Dallas,https://careers.example.com/deloitte/jobs/J0039,"The Data Analyst role addresses data pipeline reliability and audit readiness across our DFW technology organization. Build automation scripts, maintain risk control evidence, support incident response, and deliver KPI dashboards. Must have Python, SQL, cloud security fundamentals, data analytics, and strong communication skills.",2026-03-11,Cloud / Security / Data / AI / Analyst,"data pipeline reliability and audit readiness — validate sponsorship via DOL/USCIS; signal only, not legal certainty."
Accenture,Cloud Security Analyst,Dallas,https://careers.example.com/accenture/jobs/J0040,"We are seeking a Cloud Security Analyst to support Enterprise transformation projects can match OPT candidates but may be location/client dependent.. Responsibilities include building data pipelines with Python and SQL, implementing IAM controls, monitoring with SIEM/Splunk, and automating workflows. Required: Python, SQL, cloud platforms (AWS/Azure/GCP), Kubernetes, Docker, Terraform, Agile/Jira, risk controls, AI automation, incident response. Preferred: experience with data analytics dashboards and stakeholder communication.",2026-04-12,Cloud / Security / Data / AI / Analyst,"Enterprise transformation projects can match OPT candidates but may be location/client dependent. — validate sponsorship via DOL/USCIS; signal only, not legal certainty."
Accenture,Cloud Analyst,Dallas,https://careers.example.com/accenture/jobs/J0041,"Join our Cloud Analyst team driving data pipeline reliability and audit readiness. You will analyze operational data, design secure cloud architectures, tune SIEM detections, and partner with engineering on platform modernization. Skills: Python, SQL, IAM, SIEM, Splunk, Kubernetes, Docker, Terraform, data pipelines, AI automation, incident response, Agile delivery, business analysis.",2026-05-13,Cloud / Security / Data / AI / Analyst,"data pipeline reliability and audit readiness — validate sponsorship via DOL/USCIS; signal only, not legal certainty."
Accenture,Cloud Analyst,Dallas,https://careers.example.com/accenture/jobs/J0042,"The Cloud Analyst role addresses risk management and operational data visibility across our DFW technology organization. Build automation scripts, maintain risk control evidence, support incident response, and deliver KPI dashboards. Must have Python, SQL, cloud security fundamentals, data analytics, and strong communication skills.",2026-06-14,Cloud / Security / Data / AI / Analyst,"risk management and operational data visibility — validate sponsorship via DOL/USCIS; signal only, not legal certainty."
Cognizant,Operations Technology Analyst,DFW / Texas client sites,https://careers.example.com/cognizant/jobs/J0043,"We are seeking a Operations Technology Analyst to support High sponsor evidence; role quality varies by client and project, so validate real project before applying.. Responsibilities include building data pipelines with Python and SQL, implementing IAM controls, monitoring with SIEM/Splunk, and automating workflows. Required: Python, SQL, cloud platforms (AWS/Azure/GCP), Kubernetes, Docker, Terraform, Agile/Jira, risk controls, AI automation, incident response. Preferred: experience with data analytics dashboards and stakeholder communication.",2026-01-15,Cloud / Security / Data / AI / Analyst,"High sponsor evidence; role quality varies by client and project, so validate real project before applying. — validate sponsorship via DOL/USCIS; signal only, not legal certainty."
Cognizant,Technology Analyst,DFW / Texas client sites,https://careers.example.com/cognizant/jobs/J0044,"Join our Technology Analyst team driving platform modernization and secure automation. You will analyze operational data, design secure cloud architectures, tune SIEM detections, and partner with engineering on platform modernization. Skills: Python, SQL, IAM, SIEM, Splunk, Kubernetes, Docker, Terraform, data pipelines, AI automation, incident response, Agile delivery, business analysis.",2026-02-16,Cloud / Security / Data / AI / Analyst,"platform modernization and secure automation — validate sponsorship via DOL/USCIS; signal only, not legal certainty."
Cognizant,Cloud Analyst,DFW / Texas client sites,https://careers.example.com/cognizant/jobs/J0045,"The Cloud Analyst role addresses AI-driven workflow productivity and controls across our DFW technology organization. Build automation scripts, maintain risk control evidence, support incident response, and deliver KPI dashboards. Must have Python, SQL, cloud security fundamentals, data analytics, and strong communication skills.",2026-03-17,Cloud / Security / Data / AI / Analyst,"AI-driven workflow productivity and controls — validate sponsorship via DOL/USCIS; signal only, not legal certainty."
Infosys,Operations Technology Analyst,Richardson / Texas client sites,https://careers.example.com/infosys/jobs/J0046,"We are seeking a Operations Technology Analyst to support Strong sponsor history; must filter for real role, direct employment, and DFW relevance.. Responsibilities include building data pipelines with Python and SQL, implementing IAM controls, monitoring with SIEM/Splunk, and automating workflows. Required: Python, SQL, cloud platforms (AWS/Azure/GCP), Kubernetes, Docker, Terraform, Agile/Jira, risk controls, AI automation, incident response. Preferred: experience with data analytics dashboards and stakeholder communication.",2026-04-18,Cloud / Security / Data / AI / Analyst,"Strong sponsor history; must filter for real role, direct employment, and DFW relevance. — validate sponsorship via DOL/USCIS; signal only, not legal certainty."
Infosys,Technology Analyst,Richardson / Texas client sites,https://careers.example.com/infosys/jobs/J0047,"Join our Technology Analyst team driving data pipeline reliability and audit readiness. You will analyze operational data, design secure cloud architectures, tune SIEM detections, and partner with engineering on platform modernization. Skills: Python, SQL, IAM, SIEM, Splunk, Kubernetes, Docker, Terraform, data pipelines, AI automation, incident response, Agile delivery, business analysis.",2026-05-19,Cloud / Security / Data / AI / Analyst,"data pipeline reliability and audit readiness — validate sponsorship via DOL/USCIS; signal only, not legal certainty."
Infosys,Platform Engineer,Richardson / Texas client sites,https://careers.example.com/infosys/jobs/J0048,"The Platform Engineer role addresses cloud security monitoring and incident response across our DFW technology organization. Build automation scripts, maintain risk control evidence, support incident response, and deliver KPI dashboards. Must have Python, SQL, cloud security fundamentals, data analytics, and strong communication skills.",2026-06-20,Cloud / Security / Data / AI / Analyst,"cloud security monitoring and incident response — validate sponsorship via DOL/USCIS; signal only, not legal certainty."
Oracle,Cloud Analyst,Austin / Texas + cloud roles,https://careers.example.com/oracle/jobs/J0049,"We are seeking a Cloud Analyst to support Strong sponsor signal and Texas HQ presence; DFW location may be less consistent.. Responsibilities include building data pipelines with Python and SQL, implementing IAM controls, monitoring with SIEM/Splunk, and automating workflows. Required: Python, SQL, cloud platforms (AWS/Azure/GCP), Kubernetes, Docker, Terraform, Agile/Jira, risk controls, AI automation, incident response. Preferred: experience with data analytics dashboards and stakeholder communication.",2026-01-21,Cloud / Security / Data / AI / Analyst,"Strong sponsor signal and Texas HQ presence; DFW location may be less consistent. — validate sponsorship via DOL/USCIS; signal only, not legal certainty."
Oracle,Platform Engineer,Austin / Texas + cloud roles,https://careers.example.com/oracle/jobs/J0050,"Join our Platform Engineer team driving AI automation governance and measurable outcomes. You will analyze operational data, design secure cloud architectures, tune SIEM detections, and partner with engineering on platform modernization. Skills: Python, SQL, IAM, SIEM, Splunk, Kubernetes, Docker, Terraform, data pipelines, AI automation, incident response, Agile delivery, business analysis.",2026-02-22,Cloud / Security / Data / AI / Analyst,"AI automation governance and measurable outcomes — validate sponsorship via DOL/USCIS; signal only, not legal certainty."
Tesla,Data Analyst,Austin / North Texas optional,https://careers.example.com/tesla/jobs/J0051,"We are seeking a Data Analyst to support Strong Texas sponsor evidence; DFW fit depends on role location.. Responsibilities include building data pipelines with Python and SQL, implementing IAM controls, monitoring with SIEM/Splunk, and automating workflows. Required: Python, SQL, cloud platforms (AWS/Azure/GCP), Kubernetes, Docker, Terraform, Agile/Jira, risk controls, AI automation, incident response. Preferred: experience with data analytics dashboards and stakeholder communication.",2026-03-23,Cloud / Security / Data / AI / Analyst,"Strong Texas sponsor evidence; DFW fit depends on role location. — validate sponsorship via DOL/USCIS; signal only, not legal certainty."
Tesla,Technology Risk Analyst,Austin / North Texas optional,https://careers.example.com/tesla/jobs/J0052,"Join our Technology Risk Analyst team driving AI-driven workflow productivity and controls. You will analyze operational data, design secure cloud architectures, tune SIEM detections, and partner with engineering on platform modernization. Skills: Python, SQL, IAM, SIEM, Splunk, Kubernetes, Docker, Terraform, data pipelines, AI automation, incident response, Agile delivery, business analysis.",2026-04-24,Cloud / Security / Data / AI / Analyst,"AI-driven workflow productivity and controls — validate sponsorship via DOL/USCIS; signal only, not legal certainty."
Hewlett Packard Enterprise,Cloud Analyst,Plano / Texas,https://careers.example.com/hewlett-packard-enterprise/jobs/J0053,"We are seeking a Cloud Analyst to support HPE’s cloud/infrastructure business aligns well with cloud/security profile.. Responsibilities include building data pipelines with Python and SQL, implementing IAM controls, monitoring with SIEM/Splunk, and automating workflows. Required: Python, SQL, cloud platforms (AWS/Azure/GCP), Kubernetes, Docker, Terraform, Agile/Jira, risk controls, AI automation, incident response. Preferred: experience with data analytics dashboards and stakeholder communication.",2026-05-25,Cloud / Security / Data / AI / Analyst,"HPE’s cloud/infrastructure business aligns well with cloud/security profile. — validate sponsorship via DOL/USCIS; signal only, not legal certainty."
Hewlett Packard Enterprise,Data Analyst,Plano / Texas,https://careers.example.com/hewlett-packard-enterprise/jobs/J0054,"Join our Data Analyst team driving AI automation governance and measurable outcomes. You will analyze operational data, design secure cloud architectures, tune SIEM detections, and partner with engineering on platform modernization. Skills: Python, SQL, IAM, SIEM, Splunk, Kubernetes, Docker, Terraform, data pipelines, AI automation, incident response, Agile delivery, business analysis.",2026-06-26,Cloud / Security / Data / AI / Analyst,"AI automation governance and measurable outcomes — validate sponsorship via DOL/USCIS; signal only, not legal certainty."
Dell Technologies / Dell USA / Dell Products,Data Engineer,Round Rock / Texas; DFW ecosystem,https://careers.example.com/dell-technologies---dell-usa---dell-prod/jobs/J0055,"We are seeking a Data Engineer to support Strong sponsor evidence and enterprise infrastructure alignment; DFW not always primary.. Responsibilities include building data pipelines with Python and SQL, implementing IAM controls, monitoring with SIEM/Splunk, and automating workflows. Required: Python, SQL, cloud platforms (AWS/Azure/GCP), Kubernetes, Docker, Terraform, Agile/Jira, risk controls, AI automation, incident response. Preferred: experience with data analytics dashboards and stakeholder communication.",2026-01-27,Cloud / Security / Data / AI / Analyst,"Strong sponsor evidence and enterprise infrastructure alignment; DFW not always primary. — validate sponsorship via DOL/USCIS; signal only, not legal certainty."
Dell Technologies / Dell USA / Dell Products,Data Engineer,Round Rock / Texas; DFW ecosystem,https://careers.example.com/dell-technologies---dell-usa---dell-prod/jobs/J0056,"Join our Data Engineer team driving risk management and operational data visibility. You will analyze operational data, design secure cloud architectures, tune SIEM detections, and partner with engineering on platform modernization. Skills: Python, SQL, IAM, SIEM, Splunk, Kubernetes, Docker, Terraform, data pipelines, AI automation, incident response, Agile delivery, business analysis.",2026-02-28,Cloud / Security / Data / AI / Analyst,"risk management and operational data visibility — validate sponsorship via DOL/USCIS; signal only, not legal certainty."
Texas Instruments,Cloud Analyst,Dallas / Richardson,https://careers.example.com/texas-instruments/jobs/J0057,"We are seeking a Cloud Analyst to support Semiconductor systems and manufacturing analytics fit data/security/IT paths.. Responsibilities include building data pipelines with Python and SQL, implementing IAM controls, monitoring with SIEM/Splunk, and automating workflows. Required: Python, SQL, cloud platforms (AWS/Azure/GCP), Kubernetes, Docker, Terraform, Agile/Jira, risk controls, AI automation, incident response. Preferred: experience with data analytics dashboards and stakeholder communication.",2026-03-01,Cloud / Security / Data / AI / Analyst,"Semiconductor systems and manufacturing analytics fit data/security/IT paths. — validate sponsorship via DOL/USCIS; signal only, not legal certainty."
Texas Instruments,AI Automation Analyst,Dallas / Richardson,https://careers.example.com/texas-instruments/jobs/J0058,"Join our AI Automation Analyst team driving technology risk controls and GRC evidence. You will analyze operational data, design secure cloud architectures, tune SIEM detections, and partner with engineering on platform modernization. Skills: Python, SQL, IAM, SIEM, Splunk, Kubernetes, Docker, Terraform, data pipelines, AI automation, incident response, Agile delivery, business analysis.",2026-04-02,Cloud / Security / Data / AI / Analyst,"technology risk controls and GRC evidence — validate sponsorship via DOL/USCIS; signal only, not legal certainty."
Texas Instruments,AI Automation Analyst,Dallas / Richardson,https://careers.example.com/texas-instruments/jobs/J0059,"The AI Automation Analyst role addresses data pipeline reliability and audit readiness across our DFW technology organization. Build automation scripts, maintain risk control evidence, support incident response, and deliver KPI dashboards. Must have Python, SQL, cloud security fundamentals, data analytics, and strong communication skills.",2026-05-03,Cloud / Security / Data / AI / Analyst,"data pipeline reliability and audit readiness — validate sponsorship via DOL/USCIS; signal only, not legal certainty."
American Airlines,Cybersecurity Analyst,Fort Worth,https://careers.example.com/american-airlines/jobs/J0060,"We are seeking a Cybersecurity Analyst to support Airline operations require real-time data, security, cloud, and enterprise systems.. Responsibilities include building data pipelines with Python and SQL, implementing IAM controls, monitoring with SIEM/Splunk, and automating workflows. Required: Python, SQL, cloud platforms (AWS/Azure/GCP), Kubernetes, Docker, Terraform, Agile/Jira, risk controls, AI automation, incident response. Preferred: experience with data analytics dashboards and stakeholder communication.",2026-06-04,Cloud / Security / Data / AI / Analyst,"Airline operations require real-time data, security, cloud, and enterprise systems. — validate sponsorship via DOL/USCIS; signal only, not legal certainty."
American Airlines,Business Systems Analyst,Fort Worth,https://careers.example.com/american-airlines/jobs/J0061,"Join our Business Systems Analyst team driving AI automation governance and measurable outcomes. You will analyze operational data, design secure cloud architectures, tune SIEM detections, and partner with engineering on platform modernization. Skills: Python, SQL, IAM, SIEM, Splunk, Kubernetes, Docker, Terraform, data pipelines, AI automation, incident response, Agile delivery, business analysis.",2026-01-05,Cloud / Security / Data / AI / Analyst,"AI automation governance and measurable outcomes — validate sponsorship via DOL/USCIS; signal only, not legal certainty."
American Airlines,Security Engineer,Fort Worth,https://careers.example.com/american-airlines/jobs/J0062,"The Security Engineer role addresses AI-driven workflow productivity and controls across our DFW technology organization. Build automation scripts, maintain risk control evidence, support incident response, and deliver KPI dashboards. Must have Python, SQL, cloud security fundamentals, data analytics, and strong communication skills.",2026-02-06,Cloud / Security / Data / AI / Analyst,"AI-driven workflow productivity and controls — validate sponsorship via DOL/USCIS; signal only, not legal certainty."
Southwest Airlines,Technology Risk Analyst,Dallas,https://careers.example.com/southwest-airlines/jobs/J0063,"We are seeking a Technology Risk Analyst to support Airline modernization and operations analytics support matching roles.. Responsibilities include building data pipelines with Python and SQL, implementing IAM controls, monitoring with SIEM/Splunk, and automating workflows. Required: Python, SQL, cloud platforms (AWS/Azure/GCP), Kubernetes, Docker, Terraform, Agile/Jira, risk controls, AI automation, incident response. Preferred: experience with data analytics dashboards and stakeholder communication.",2026-03-07,Cloud / Security / Data / AI / Analyst,"Airline modernization and operations analytics support matching roles. — validate sponsorship via DOL/USCIS; signal only, not legal certainty."
Southwest Airlines,Security Engineer,Dallas,https://careers.example.com/southwest-airlines/jobs/J0064,"Join our Security Engineer team driving enterprise IAM and zero-trust implementation. You will analyze operational data, design secure cloud architectures, tune SIEM detections, and partner with engineering on platform modernization. Skills: Python, SQL, IAM, SIEM, Splunk, Kubernetes, Docker, Terraform, data pipelines, AI automation, incident response, Agile delivery, business analysis.",2026-04-08,Cloud / Security / Data / AI / Analyst,"enterprise IAM and zero-trust implementation — validate sponsorship via DOL/USCIS; signal only, not legal certainty."
Southwest Airlines,Cloud Security Analyst,Dallas,https://careers.example.com/southwest-airlines/jobs/J0065,"The Cloud Security Analyst role addresses cloud security monitoring and incident response across our DFW technology organization. Build automation scripts, maintain risk control evidence, support incident response, and deliver KPI dashboards. Must have Python, SQL, cloud security fundamentals, data analytics, and strong communication skills.",2026-05-09,Cloud / Security / Data / AI / Analyst,"cloud security monitoring and incident response — validate sponsorship via DOL/USCIS; signal only, not legal certainty."
McKesson,Data Analyst,Irving,https://careers.example.com/mckesson/jobs/J0066,"We are seeking a Data Analyst to support Healthcare supply chain and regulated systems create data, security, and compliance roles.. Responsibilities include building data pipelines with Python and SQL, implementing IAM controls, monitoring with SIEM/Splunk, and automating workflows. Required: Python, SQL, cloud platforms (AWS/Azure/GCP), Kubernetes, Docker, Terraform, Agile/Jira, risk controls, AI automation, incident response. Preferred: experience with data analytics dashboards and stakeholder communication.",2026-06-10,Cloud / Security / Data / AI / Analyst,"Healthcare supply chain and regulated systems create data, security, and compliance roles. — validate sponsorship via DOL/USCIS; signal only, not legal certainty."
McKesson,Security Engineer,Irving,https://careers.example.com/mckesson/jobs/J0067,"Join our Security Engineer team driving technology risk controls and GRC evidence. You will analyze operational data, design secure cloud architectures, tune SIEM detections, and partner with engineering on platform modernization. Skills: Python, SQL, IAM, SIEM, Splunk, Kubernetes, Docker, Terraform, data pipelines, AI automation, incident response, Agile delivery, business analysis.",2026-01-11,Cloud / Security / Data / AI / Analyst,"technology risk controls and GRC evidence — validate sponsorship via DOL/USCIS; signal only, not legal certainty."
McKesson,Cybersecurity Analyst,Irving,https://careers.example.com/mckesson/jobs/J0068,"The Cybersecurity Analyst role addresses data pipeline reliability and audit readiness across our DFW technology organization. Build automation scripts, maintain risk control evidence, support incident response, and deliver KPI dashboards. Must have Python, SQL, cloud security fundamentals, data analytics, and strong communication skills.",2026-02-12,Cloud / Security / Data / AI / Analyst,"data pipeline reliability and audit readiness — validate sponsorship via DOL/USCIS; signal only, not legal certainty."
CBRE,Business Systems Analyst,Dallas,https://careers.example.com/cbre/jobs/J0069,"We are seeking a Business Systems Analyst to support PropTech and enterprise operations need analytics/platform/security support.. Responsibilities include building data pipelines with Python and SQL, implementing IAM controls, monitoring with SIEM/Splunk, and automating workflows. Required: Python, SQL, cloud platforms (AWS/Azure/GCP), Kubernetes, Docker, Terraform, Agile/Jira, risk controls, AI automation, incident response. Preferred: experience with data analytics dashboards and stakeholder communication.",2026-03-13,Cloud / Security / Data / AI / Analyst,"PropTech and enterprise operations need analytics/platform/security support. — validate sponsorship via DOL/USCIS; signal only, not legal certainty."
CBRE,Operations Technology Analyst,Dallas,https://careers.example.com/cbre/jobs/J0070,"Join our Operations Technology Analyst team driving platform modernization and secure automation. You will analyze operational data, design secure cloud architectures, tune SIEM detections, and partner with engineering on platform modernization. Skills: Python, SQL, IAM, SIEM, Splunk, Kubernetes, Docker, Terraform, data pipelines, AI automation, incident response, Agile delivery, business analysis.",2026-04-14,Cloud / Security / Data / AI / Analyst,"platform modernization and secure automation — validate sponsorship via DOL/USCIS; signal only, not legal certainty."
Lockheed Martin,Cloud Security Analyst,Fort Worth / Grand Prairie,https://careers.example.com/lockheed-martin/jobs/J0071,"We are seeking a Cloud Security Analyst to support Strong DFW role base, but many roles require citizenship/clearance; filter aggressively.. Responsibilities include building data pipelines with Python and SQL, implementing IAM controls, monitoring with SIEM/Splunk, and automating workflows. Required: Python, SQL, cloud platforms (AWS/Azure/GCP), Kubernetes, Docker, Terraform, Agile/Jira, risk controls, AI automation, incident response. Preferred: experience with data analytics dashboards and stakeholder communication.",2026-05-15,Cloud / Security / Data / AI / Analyst,"Strong DFW role base, but many roles require citizenship/clearance; filter aggressively. — validate sponsorship via DOL/USCIS; signal only, not legal certainty."
Lockheed Martin,Business Systems Analyst,Fort Worth / Grand Prairie,https://careers.example.com/lockheed-martin/jobs/J0072,"Join our Business Systems Analyst team driving platform modernization and secure automation. You will analyze operational data, design secure cloud architectures, tune SIEM detections, and partner with engineering on platform modernization. Skills: Python, SQL, IAM, SIEM, Splunk, Kubernetes, Docker, Terraform, data pipelines, AI automation, incident response, Agile delivery, business analysis.",2026-06-16,Cloud / Security / Data / AI / Analyst,"platform modernization and secure automation — validate sponsorship via DOL/USCIS; signal only, not legal certainty."
Raytheon / RTX,Data Engineer,McKinney / Richardson,https://careers.example.com/raytheon---rtx/jobs/J0073,"We are seeking a Data Engineer to support DFW aerospace/defense systems roles exist, but citizenship restrictions can create noise.. Responsibilities include building data pipelines with Python and SQL, implementing IAM controls, monitoring with SIEM/Splunk, and automating workflows. Required: Python, SQL, cloud platforms (AWS/Azure/GCP), Kubernetes, Docker, Terraform, Agile/Jira, risk controls, AI automation, incident response. Preferred: experience with data analytics dashboards and stakeholder communication.",2026-01-17,Cloud / Security / Data / AI / Analyst,"DFW aerospace/defense systems roles exist, but citizenship restrictions can create noise. — validate sponsorship via DOL/USCIS; signal only, not legal certainty."
Raytheon / RTX,Technology Analyst,McKinney / Richardson,https://careers.example.com/raytheon---rtx/jobs/J0074,"Join our Technology Analyst team driving data pipeline reliability and audit readiness. You will analyze operational data, design secure cloud architectures, tune SIEM detections, and partner with engineering on platform modernization. Skills: Python, SQL, IAM, SIEM, Splunk, Kubernetes, Docker, Terraform, data pipelines, AI automation, incident response, Agile delivery, business analysis.",2026-02-18,Cloud / Security / Data / AI / Analyst,"data pipeline reliability and audit readiness — validate sponsorship via DOL/USCIS; signal only, not legal certainty."
BNSF Railway,Platform Engineer,Fort Worth,https://careers.example.com/bnsf-railway/jobs/J0075,"We are seeking a Platform Engineer to support Logistics and rail operations need data, security, and enterprise systems.. Responsibilities include building data pipelines with Python and SQL, implementing IAM controls, monitoring with SIEM/Splunk, and automating workflows. Required: Python, SQL, cloud platforms (AWS/Azure/GCP), Kubernetes, Docker, Terraform, Agile/Jira, risk controls, AI automation, incident response. Preferred: experience with data analytics dashboards and stakeholder communication.",2026-03-19,Cloud / Security / Data / AI / Analyst,"Logistics and rail operations need data, security, and enterprise systems. — validate sponsorship via DOL/USCIS; signal only, not legal certainty."
BNSF Railway,Business Systems Analyst,Fort Worth,https://careers.example.com/bnsf-railway/jobs/J0076,"Join our Business Systems Analyst team driving technology risk controls and GRC evidence. You will analyze operational data, design secure cloud architectures, tune SIEM detections, and partner with engineering on platform modernization. Skills: Python, SQL, IAM, SIEM, Splunk, Kubernetes, Docker, Terraform, data pipelines, AI automation, incident response, Agile delivery, business analysis.",2026-04-20,Cloud / Security / Data / AI / Analyst,"technology risk controls and GRC evidence — validate sponsorship via DOL/USCIS; signal only, not legal certainty."
GM Financial,Cloud Analyst,Fort Worth,https://careers.example.com/gm-financial/jobs/J0077,"We are seeking a Cloud Analyst to support Financial services and auto lending drive risk, data, and platform roles.. Responsibilities include building data pipelines with Python and SQL, implementing IAM controls, monitoring with SIEM/Splunk, and automating workflows. Required: Python, SQL, cloud platforms (AWS/Azure/GCP), Kubernetes, Docker, Terraform, Agile/Jira, risk controls, AI automation, incident response. Preferred: experience with data analytics dashboards and stakeholder communication.",2026-05-21,Cloud / Security / Data / AI / Analyst,"Financial services and auto lending drive risk, data, and platform roles. — validate sponsorship via DOL/USCIS; signal only, not legal certainty."
GM Financial,Platform Engineer,Fort Worth,https://careers.example.com/gm-financial/jobs/J0078,"Join our Platform Engineer team driving platform modernization and secure automation. You will analyze operational data, design secure cloud architectures, tune SIEM detections, and partner with engineering on platform modernization. Skills: Python, SQL, IAM, SIEM, Splunk, Kubernetes, Docker, Terraform, data pipelines, AI automation, incident response, Agile delivery, business analysis.",2026-06-22,Cloud / Security / Data / AI / Analyst,"platform modernization and secure automation — validate sponsorship via DOL/USCIS; signal only, not legal certainty."
Sabre,Cloud Security Analyst,Southlake,https://careers.example.com/sabre/jobs/J0079,"We are seeking a Cloud Security Analyst to support Travel platforms require software, cloud, data, and security talent.. Responsibilities include building data pipelines with Python and SQL, implementing IAM controls, monitoring with SIEM/Splunk, and automating workflows. Required: Python, SQL, cloud platforms (AWS/Azure/GCP), Kubernetes, Docker, Terraform, Agile/Jira, risk controls, AI automation, incident response. Preferred: experience with data analytics dashboards and stakeholder communication.",2026-01-23,Cloud / Security / Data / AI / Analyst,"Travel platforms require software, cloud, data, and security talent. — validate sponsorship via DOL/USCIS; signal only, not legal certainty."
Sabre,Technology Risk Analyst,Southlake,https://careers.example.com/sabre/jobs/J0080,"Join our Technology Risk Analyst team driving AI-driven workflow productivity and controls. You will analyze operational data, design secure cloud architectures, tune SIEM detections, and partner with engineering on platform modernization. Skills: Python, SQL, IAM, SIEM, Splunk, Kubernetes, Docker, Terraform, data pipelines, AI automation, incident response, Agile delivery, business analysis.",2026-02-24,Cloud / Security / Data / AI / Analyst,"AI-driven workflow productivity and controls — validate sponsorship via DOL/USCIS; signal only, not legal certainty."
Alkami Technology,Data Analyst,Plano,https://careers.example.com/alkami-technology/jobs/J0081,"We are seeking a Data Analyst to support SaaS financial platform needs engineering, cloud, and cybersecurity talent.. Responsibilities include building data pipelines with Python and SQL, implementing IAM controls, monitoring with SIEM/Splunk, and automating workflows. Required: Python, SQL, cloud platforms (AWS/Azure/GCP), Kubernetes, Docker, Terraform, Agile/Jira, risk controls, AI automation, incident response. Preferred: experience with data analytics dashboards and stakeholder communication.",2026-03-25,Cloud / Security / Data / AI / Analyst,"SaaS financial platform needs engineering, cloud, and cybersecurity talent. — validate sponsorship via DOL/USCIS; signal only, not legal certainty."
Alkami Technology,Technology Risk Analyst,Plano,https://careers.example.com/alkami-technology/jobs/J0082,"Join our Technology Risk Analyst team driving AI-driven workflow productivity and controls. You will analyze operational data, design secure cloud architectures, tune SIEM detections, and partner with engineering on platform modernization. Skills: Python, SQL, IAM, SIEM, Splunk, Kubernetes, Docker, Terraform, data pipelines, AI automation, incident response, Agile delivery, business analysis.",2026-04-26,Cloud / Security / Data / AI / Analyst,"AI-driven workflow productivity and controls — validate sponsorship via DOL/USCIS; signal only, not legal certainty."
Tyler Technologies,Data Analyst,Plano,https://careers.example.com/tyler-technologies/jobs/J0083,"We are seeking a Data Analyst to support GovTech software requires secure cloud systems and analytics.. Responsibilities include building data pipelines with Python and SQL, implementing IAM controls, monitoring with SIEM/Splunk, and automating workflows. Required: Python, SQL, cloud platforms (AWS/Azure/GCP), Kubernetes, Docker, Terraform, Agile/Jira, risk controls, AI automation, incident response. Preferred: experience with data analytics dashboards and stakeholder communication.",2026-05-27,Cloud / Security / Data / AI / Analyst,"GovTech software requires secure cloud systems and analytics. — validate sponsorship via DOL/USCIS; signal only, not legal certainty."
Tyler Technologies,Cybersecurity Analyst,Plano,https://careers.example.com/tyler-technologies/jobs/J0084,"Join our Cybersecurity Analyst team driving enterprise IAM and zero-trust implementation. You will analyze operational data, design secure cloud architectures, tune SIEM detections, and partner with engineering on platform modernization. Skills: Python, SQL, IAM, SIEM, Splunk, Kubernetes, Docker, Terraform, data pipelines, AI automation, incident response, Agile delivery, business analysis.",2026-06-28,Cloud / Security / Data / AI / Analyst,"enterprise IAM and zero-trust implementation — validate sponsorship via DOL/USCIS; signal only, not legal certainty."
State Farm,Data Engineer,Richardson,https://careers.example.com/state-farm/jobs/J0085,"We are seeking a Data Engineer to support Insurance tech requires risk analytics, cloud, and security controls.. Responsibilities include building data pipelines with Python and SQL, implementing IAM controls, monitoring with SIEM/Splunk, and automating workflows. Required: Python, SQL, cloud platforms (AWS/Azure/GCP), Kubernetes, Docker, Terraform, Agile/Jira, risk controls, AI automation, incident response. Preferred: experience with data analytics dashboards and stakeholder communication.",2026-01-01,Cloud / Security / Data / AI / Analyst,"Insurance tech requires risk analytics, cloud, and security controls. — validate sponsorship via DOL/USCIS; signal only, not legal certainty."
State Farm,Business Systems Analyst,Richardson,https://careers.example.com/state-farm/jobs/J0086,"Join our Business Systems Analyst team driving AI-driven workflow productivity and controls. You will analyze operational data, design secure cloud architectures, tune SIEM detections, and partner with engineering on platform modernization. Skills: Python, SQL, IAM, SIEM, Splunk, Kubernetes, Docker, Terraform, data pipelines, AI automation, incident response, Agile delivery, business analysis.",2026-02-02,Cloud / Security / Data / AI / Analyst,"AI-driven workflow productivity and controls — validate sponsorship via DOL/USCIS; signal only, not legal certainty."
Liberty Mutual,Data Engineer,Plano,https://careers.example.com/liberty-mutual/jobs/J0087,"We are seeking a Data Engineer to support Insurance platforms need analytics, security, and cloud modernization.. Responsibilities include building data pipelines with Python and SQL, implementing IAM controls, monitoring with SIEM/Splunk, and automating workflows. Required: Python, SQL, cloud platforms (AWS/Azure/GCP), Kubernetes, Docker, Terraform, Agile/Jira, risk controls, AI automation, incident response. Preferred: experience with data analytics dashboards and stakeholder communication.",2026-03-03,Cloud / Security / Data / AI / Analyst,"Insurance platforms need analytics, security, and cloud modernization. — validate sponsorship via DOL/USCIS; signal only, not legal certainty."
Liberty Mutual,Cloud Analyst,Plano,https://careers.example.com/liberty-mutual/jobs/J0088,"Join our Cloud Analyst team driving enterprise IAM and zero-trust implementation. You will analyze operational data, design secure cloud architectures, tune SIEM detections, and partner with engineering on platform modernization. Skills: Python, SQL, IAM, SIEM, Splunk, Kubernetes, Docker, Terraform, data pipelines, AI automation, incident response, Agile delivery, business analysis.",2026-04-04,Cloud / Security / Data / AI / Analyst,"enterprise IAM and zero-trust implementation — validate sponsorship via DOL/USCIS; signal only, not legal certainty."
PepsiCo / Frito-Lay,Data Engineer,Plano,https://careers.example.com/pepsico---frito-lay/jobs/J0089,"We are seeking a Data Engineer to support Large CPG operations create data and supply-chain technology needs.. Responsibilities include building data pipelines with Python and SQL, implementing IAM controls, monitoring with SIEM/Splunk, and automating workflows. Required: Python, SQL, cloud platforms (AWS/Azure/GCP), Kubernetes, Docker, Terraform, Agile/Jira, risk controls, AI automation, incident response. Preferred: experience with data analytics dashboards and stakeholder communication.",2026-05-05,Cloud / Security / Data / AI / Analyst,"Large CPG operations create data and supply-chain technology needs. — validate sponsorship via DOL/USCIS; signal only, not legal certainty."
PepsiCo / Frito-Lay,Security Engineer,Plano,https://careers.example.com/pepsico---frito-lay/jobs/J0090,"Join our Security Engineer team driving technology risk controls and GRC evidence. You will analyze operational data, design secure cloud architectures, tune SIEM detections, and partner with engineering on platform modernization. Skills: Python, SQL, IAM, SIEM, Splunk, Kubernetes, Docker, Terraform, data pipelines, AI automation, incident response, Agile delivery, business analysis.",2026-06-06,Cloud / Security / Data / AI / Analyst,"technology risk controls and GRC evidence — validate sponsorship via DOL/USCIS; signal only, not legal certainty."
Wells Fargo,Data Engineer,Irving / Dallas,https://careers.example.com/wells-fargo/jobs/J0091,"We are seeking a Data Engineer to support Banking compliance, risk, and modernization create relevant roles.. Responsibilities include building data pipelines with Python and SQL, implementing IAM controls, monitoring with SIEM/Splunk, and automating workflows. Required: Python, SQL, cloud platforms (AWS/Azure/GCP), Kubernetes, Docker, Terraform, Agile/Jira, risk controls, AI automation, incident response. Preferred: experience with data analytics dashboards and stakeholder communication.",2026-01-07,Cloud / Security / Data / AI / Analyst,"Banking compliance, risk, and modernization create relevant roles. — validate sponsorship via DOL/USCIS; signal only, not legal certainty."
Wells Fargo,AI Automation Analyst,Irving / Dallas,https://careers.example.com/wells-fargo/jobs/J0092,"Join our AI Automation Analyst team driving platform modernization and secure automation. You will analyze operational data, design secure cloud architectures, tune SIEM detections, and partner with engineering on platform modernization. Skills: Python, SQL, IAM, SIEM, Splunk, Kubernetes, Docker, Terraform, data pipelines, AI automation, incident response, Agile delivery, business analysis.",2026-02-08,Cloud / Security / Data / AI / Analyst,"platform modernization and secure automation — validate sponsorship via DOL/USCIS; signal only, not legal certainty."
Morgan Stanley,Data Analyst,Dallas,https://careers.example.com/morgan-stanley/jobs/J0093,"We are seeking a Data Analyst to support Dallas regional expansion implies future hiring; active roles must be checked.. Responsibilities include building data pipelines with Python and SQL, implementing IAM controls, monitoring with SIEM/Splunk, and automating workflows. Required: Python, SQL, cloud platforms (AWS/Azure/GCP), Kubernetes, Docker, Terraform, Agile/Jira, risk controls, AI automation, incident response. Preferred: experience with data analytics dashboards and stakeholder communication.",2026-03-09,Cloud / Security / Data / AI / Analyst,"Dallas regional expansion implies future hiring; active roles must be checked. — validate sponsorship via DOL/USCIS; signal only, not legal certainty."
Morgan Stanley,Platform Engineer,Dallas,https://careers.example.com/morgan-stanley/jobs/J0094,"Join our Platform Engineer team driving cloud security monitoring and incident response. You will analyze operational data, design secure cloud architectures, tune SIEM detections, and partner with engineering on platform modernization. Skills: Python, SQL, IAM, SIEM, Splunk, Kubernetes, Docker, Terraform, data pipelines, AI automation, incident response, Agile delivery, business analysis.",2026-04-10,Cloud / Security / Data / AI / Analyst,"cloud security monitoring and incident response — validate sponsorship via DOL/USCIS; signal only, not legal certainty."
Nasdaq,Cybersecurity Analyst,Dallas,https://careers.example.com/nasdaq/jobs/J0095,"We are seeking a Cybersecurity Analyst to support Dallas finance exchange expansion creates tech/data/business operations angles.. Responsibilities include building data pipelines with Python and SQL, implementing IAM controls, monitoring with SIEM/Splunk, and automating workflows. Required: Python, SQL, cloud platforms (AWS/Azure/GCP), Kubernetes, Docker, Terraform, Agile/Jira, risk controls, AI automation, incident response. Preferred: experience with data analytics dashboards and stakeholder communication.",2026-05-11,Cloud / Security / Data / AI / Analyst,"Dallas finance exchange expansion creates tech/data/business operations angles. — validate sponsorship via DOL/USCIS; signal only, not legal certainty."
Nasdaq,Technology Risk Analyst,Dallas,https://careers.example.com/nasdaq/jobs/J0096,"Join our Technology Risk Analyst team driving AI automation governance and measurable outcomes. You will analyze operational data, design secure cloud architectures, tune SIEM detections, and partner with engineering on platform modernization. Skills: Python, SQL, IAM, SIEM, Splunk, Kubernetes, Docker, Terraform, data pipelines, AI automation, incident response, Agile delivery, business analysis.",2026-06-12,Cloud / Security / Data / AI / Analyst,"AI automation governance and measurable outcomes — validate sponsorship via DOL/USCIS; signal only, not legal certainty."
NYSE Texas / Intercontinental Exchange,Cloud Security Analyst,Dallas,https://careers.example.com/nyse-texas---intercontinental-exchange/jobs/J0097,"We are seeking a Cloud Security Analyst to support New Dallas exchange presence creates networking opportunity before roles mature.. Responsibilities include building data pipelines with Python and SQL, implementing IAM controls, monitoring with SIEM/Splunk, and automating workflows. Required: Python, SQL, cloud platforms (AWS/Azure/GCP), Kubernetes, Docker, Terraform, Agile/Jira, risk controls, AI automation, incident response. Preferred: experience with data analytics dashboards and stakeholder communication.",2026-01-13,Cloud / Security / Data / AI / Analyst,"New Dallas exchange presence creates networking opportunity before roles mature. — validate sponsorship via DOL/USCIS; signal only, not legal certainty."
NYSE Texas / Intercontinental Exchange,Technology Analyst,Dallas,https://careers.example.com/nyse-texas---intercontinental-exchange/jobs/J0098,"Join our Technology Analyst team driving AI-driven workflow productivity and controls. You will analyze operational data, design secure cloud architectures, tune SIEM detections, and partner with engineering on platform modernization. Skills: Python, SQL, IAM, SIEM, Splunk, Kubernetes, Docker, Terraform, data pipelines, AI automation, incident response, Agile delivery, business analysis.",2026-02-14,Cloud / Security / Data / AI / Analyst,"AI-driven workflow productivity and controls — validate sponsorship via DOL/USCIS; signal only, not legal certainty."
Siemens Industry Software,Data Analyst,Plano / Texas,https://careers.example.com/siemens-industry-software/jobs/J0099,"We are seeking a Data Analyst to support Industrial software and digital twin platforms create strong tech roles.. Responsibilities include building data pipelines with Python and SQL, implementing IAM controls, monitoring with SIEM/Splunk, and automating workflows. Required: Python, SQL, cloud platforms (AWS/Azure/GCP), Kubernetes, Docker, Terraform, Agile/Jira, risk controls, AI automation, incident response. Preferred: experience with data analytics dashboards and stakeholder communication.",2026-03-15,Cloud / Security / Data / AI / Analyst,"Industrial software and digital twin platforms create strong tech roles. — validate sponsorship via DOL/USCIS; signal only, not legal certainty."
Siemens Industry Software,Security Engineer,Plano / Texas,https://careers.example.com/siemens-industry-software/jobs/J0100,"Join our Security Engineer team driving AI-driven workflow productivity and controls. You will analyze operational data, design secure cloud architectures, tune SIEM detections, and partner with engineering on platform modernization. Skills: Python, SQL, IAM, SIEM, Splunk, Kubernetes, Docker, Terraform, data pipelines, AI automation, incident response, Agile delivery, business analysis.",2026-04-16,Cloud / Security / Data / AI / Analyst,"AI-driven workflow productivity and controls — validate sponsorship via DOL/USCIS; signal only, not legal certainty."
NXP USA,Business Systems Analyst,Dallas / Austin,https://careers.example.com/nxp-usa/jobs/J0101,"We are seeking a Business Systems Analyst to support Semiconductor operations generate data/security/IT roles; DFW location must be verified.. Responsibilities include building data pipelines with Python and SQL, implementing IAM controls, monitoring with SIEM/Splunk, and automating workflows. Required: Python, SQL, cloud platforms (AWS/Azure/GCP), Kubernetes, Docker, Terraform, Agile/Jira, risk controls, AI automation, incident response. Preferred: experience with data analytics dashboards and stakeholder communication.",2026-05-17,Cloud / Security / Data / AI / Analyst,"Semiconductor operations generate data/security/IT roles; DFW location must be verified. — validate sponsorship via DOL/USCIS; signal only, not legal certainty."
NXP USA,Business Systems Analyst,Dallas / Austin,https://careers.example.com/nxp-usa/jobs/J0102,"Join our Business Systems Analyst team driving enterprise IAM and zero-trust implementation. You will analyze operational data, design secure cloud architectures, tune SIEM detections, and partner with engineering on platform modernization. Skills: Python, SQL, IAM, SIEM, Splunk, Kubernetes, Docker, Terraform, data pipelines, AI automation, incident response, Agile delivery, business analysis.",2026-06-18,Cloud / Security / Data / AI / Analyst,"enterprise IAM and zero-trust implementation — validate sponsorship via DOL/USCIS; signal only, not legal certainty."
Indeed,Business Systems Analyst,Austin / Texas / Remote,https://careers.example.com/indeed/jobs/J0103,"We are seeking a Business Systems Analyst to support Strong data platform and HR-tech fit; DFW role fit depends on remote/TX availability.. Responsibilities include building data pipelines with Python and SQL, implementing IAM controls, monitoring with SIEM/Splunk, and automating workflows. Required: Python, SQL, cloud platforms (AWS/Azure/GCP), Kubernetes, Docker, Terraform, Agile/Jira, risk controls, AI automation, incident response. Preferred: experience with data analytics dashboards and stakeholder communication.",2026-01-19,Cloud / Security / Data / AI / Analyst,"Strong data platform and HR-tech fit; DFW role fit depends on remote/TX availability. — validate sponsorship via DOL/USCIS; signal only, not legal certainty."
Indeed,Data Analyst,Austin / Texas / Remote,https://careers.example.com/indeed/jobs/J0104,"Join our Data Analyst team driving risk management and operational data visibility. You will analyze operational data, design secure cloud architectures, tune SIEM detections, and partner with engineering on platform modernization. Skills: Python, SQL, IAM, SIEM, Splunk, Kubernetes, Docker, Terraform, data pipelines, AI automation, incident response, Agile delivery, business analysis.",2026-02-20,Cloud / Security / Data / AI / Analyst,"risk management and operational data visibility — validate sponsorship via DOL/USCIS; signal only, not legal certainty."
UT Southwestern Medical Center,Cybersecurity Analyst,Dallas,https://careers.example.com/ut-southwestern-medical-center/jobs/J0105,"We are seeking a Cybersecurity Analyst to support Healthcare/research environment supports data and systems roles; compensation/sponsorship varies.. Responsibilities include building data pipelines with Python and SQL, implementing IAM controls, monitoring with SIEM/Splunk, and automating workflows. Required: Python, SQL, cloud platforms (AWS/Azure/GCP), Kubernetes, Docker, Terraform, Agile/Jira, risk controls, AI automation, incident response. Preferred: experience with data analytics dashboards and stakeholder communication.",2026-03-21,Cloud / Security / Data / AI / Analyst,"Healthcare/research environment supports data and systems roles; compensation/sponsorship varies. — validate sponsorship via DOL/USCIS; signal only, not legal certainty."
UT Southwestern Medical Center,Data Analyst,Dallas,https://careers.example.com/ut-southwestern-medical-center/jobs/J0106,"Join our Data Analyst team driving AI automation governance and measurable outcomes. You will analyze operational data, design secure cloud architectures, tune SIEM detections, and partner with engineering on platform modernization. Skills: Python, SQL, IAM, SIEM, Splunk, Kubernetes, Docker, Terraform, data pipelines, AI automation, incident response, Agile delivery, business analysis.",2026-04-22,Cloud / Security / Data / AI / Analyst,"AI automation governance and measurable outcomes — validate sponsorship via DOL/USCIS; signal only, not legal certainty."
Dallas Independent School District,Cloud Analyst,Dallas,https://careers.example.com/dallas-independent-school-district/jobs/J0107,"We are seeking a Cloud Analyst to support Local institution with sponsor signal, but role fit and salary may vary.. Responsibilities include building data pipelines with Python and SQL, implementing IAM controls, monitoring with SIEM/Splunk, and automating workflows. Required: Python, SQL, cloud platforms (AWS/Azure/GCP), Kubernetes, Docker, Terraform, Agile/Jira, risk controls, AI automation, incident response. Preferred: experience with data analytics dashboards and stakeholder communication.",2026-05-23,Cloud / Security / Data / AI / Analyst,"Local institution with sponsor signal, but role fit and salary may vary. — validate sponsorship via DOL/USCIS; signal only, not legal certainty."
Baylor College of Medicine / Baylor Scott & White ecosystem,Technology Analyst,Dallas / Texas,https://careers.example.com/baylor-college-of-medicine---baylor-scot/jobs/J0108,"We are seeking a Technology Analyst to support Healthcare/research systems demand data and security talent; DFW entity must be matched carefully.. Responsibilities include building data pipelines with Python and SQL, implementing IAM controls, monitoring with SIEM/Splunk, and automating workflows. Required: Python, SQL, cloud platforms (AWS/Azure/GCP), Kubernetes, Docker, Terraform, Agile/Jira, risk controls, AI automation, incident response. Preferred: experience with data analytics dashboards and stakeholder communication.",2026-06-24,Cloud / Security / Data / AI / Analyst,"Healthcare/research systems demand data and security talent; DFW entity must be matched carefully. — validate sponsorship via DOL/USCIS; signal only, not legal certainty."
Baylor College of Medicine / Baylor Scott & White ecosystem,Data Engineer,Dallas / Texas,https://careers.example.com/baylor-college-of-medicine---baylor-scot/jobs/J0109,"Join our Data Engineer team driving AI-driven workflow productivity and controls. You will analyze operational data, design secure cloud architectures, tune SIEM detections, and partner with engineering on platform modernization. Skills: Python, SQL, IAM, SIEM, Splunk, Kubernetes, Docker, Terraform, data pipelines, AI automation, incident response, Agile delivery, business analysis.",2026-01-25,Cloud / Security / Data / AI / Analyst,"AI-driven workflow productivity and controls — validate sponsorship via DOL/USCIS; signal only, not legal certainty."
Fluor Corporation,Cloud Security Analyst,Irving,https://careers.example.com/fluor-corporation/jobs/J0110,"We are seeking a Cloud Security Analyst to support Engineering project delivery creates systems, data, and security operations roles.. Responsibilities include building data pipelines with Python and SQL, implementing IAM controls, monitoring with SIEM/Splunk, and automating workflows. Required: Python, SQL, cloud platforms (AWS/Azure/GCP), Kubernetes, Docker, Terraform, Agile/Jira, risk controls, AI automation, incident response. Preferred: experience with data analytics dashboards and stakeholder communication.",2026-02-26,Cloud / Security / Data / AI / Analyst,"Engineering project delivery creates systems, data, and security operations roles. — validate sponsorship via DOL/USCIS; signal only, not legal certainty."
Fluor Corporation,Cloud Security Analyst,Irving,https://careers.example.com/fluor-corporation/jobs/J0111,"Join our Cloud Security Analyst team driving cloud security monitoring and incident response. You will analyze operational data, design secure cloud architectures, tune SIEM detections, and partner with engineering on platform modernization. Skills: Python, SQL, IAM, SIEM, Splunk, Kubernetes, Docker, Terraform, data pipelines, AI automation, incident response, Agile delivery, business analysis.",2026-03-27,Cloud / Security / Data / AI / Analyst,"cloud security monitoring and incident response — validate sponsorship via DOL/USCIS; signal only, not legal certainty."
Jacobs Solutions,Security Engineer,Dallas,https://careers.example.com/jacobs-solutions/jobs/J0112,"We are seeking a Security Engineer to support Infrastructure and engineering modernization create data/digital/security roles.. Responsibilities include building data pipelines with Python and SQL, implementing IAM controls, monitoring with SIEM/Splunk, and automating workflows. Required: Python, SQL, cloud platforms (AWS/Azure/GCP), Kubernetes, Docker, Terraform, Agile/Jira, risk controls, AI automation, incident response. Preferred: experience with data analytics dashboards and stakeholder communication.",2026-04-28,Cloud / Security / Data / AI / Analyst,"Infrastructure and engineering modernization create data/digital/security roles. — validate sponsorship via DOL/USCIS; signal only, not legal certainty."
Jacobs Solutions,Operations Technology Analyst,Dallas,https://careers.example.com/jacobs-solutions/jobs/J0113,"Join our Operations Technology Analyst team driving data pipeline reliability and audit readiness. You will analyze operational data, design secure cloud architectures, tune SIEM detections, and partner with engineering on platform modernization. Skills: Python, SQL, IAM, SIEM, Splunk, Kubernetes, Docker, Terraform, data pipelines, AI automation, incident response, Agile delivery, business analysis.",2026-05-01,Cloud / Security / Data / AI / Analyst,"data pipeline reliability and audit readiness — validate sponsorship via DOL/USCIS; signal only, not legal certainty."
Kimberly-Clark,Operations Technology Analyst,Irving,https://careers.example.com/kimberly-clark/jobs/J0114,"We are seeking a Operations Technology Analyst to support Large enterprise and supply chain operations need analytics and secure systems.. Responsibilities include building data pipelines with Python and SQL, implementing IAM controls, monitoring with SIEM/Splunk, and automating workflows. Required: Python, SQL, cloud platforms (AWS/Azure/GCP), Kubernetes, Docker, Terraform, Agile/Jira, risk controls, AI automation, incident response. Preferred: experience with data analytics dashboards and stakeholder communication.",2026-06-02,Cloud / Security / Data / AI / Analyst,"Large enterprise and supply chain operations need analytics and secure systems. — validate sponsorship via DOL/USCIS; signal only, not legal certainty."
Kimberly-Clark,Operations Technology Analyst,Irving,https://careers.example.com/kimberly-clark/jobs/J0115,"Join our Operations Technology Analyst team driving AI automation governance and measurable outcomes. You will analyze operational data, design secure cloud architectures, tune SIEM detections, and partner with engineering on platform modernization. Skills: Python, SQL, IAM, SIEM, Splunk, Kubernetes, Docker, Terraform, data pipelines, AI automation, incident response, Agile delivery, business analysis.",2026-01-03,Cloud / Security / Data / AI / Analyst,"AI automation governance and measurable outcomes — validate sponsorship via DOL/USCIS; signal only, not legal certainty."
Celanese,Security Engineer,Irving,https://careers.example.com/celanese/jobs/J0116,"We are seeking a Security Engineer to support Manufacturing/chemicals enterprise systems create technical support and analytics roles.. Responsibilities include building data pipelines with Python and SQL, implementing IAM controls, monitoring with SIEM/Splunk, and automating workflows. Required: Python, SQL, cloud platforms (AWS/Azure/GCP), Kubernetes, Docker, Terraform, Agile/Jira, risk controls, AI automation, incident response. Preferred: experience with data analytics dashboards and stakeholder communication.",2026-02-04,Cloud / Security / Data / AI / Analyst,"Manufacturing/chemicals enterprise systems create technical support and analytics roles. — validate sponsorship via DOL/USCIS; signal only, not legal certainty."
Vistra,Data Engineer,Irving,https://careers.example.com/vistra/jobs/J0117,"We are seeking a Data Engineer to support Energy operations and cyber resilience create technical needs; sponsor policy must be verified.. Responsibilities include building data pipelines with Python and SQL, implementing IAM controls, monitoring with SIEM/Splunk, and automating workflows. Required: Python, SQL, cloud platforms (AWS/Azure/GCP), Kubernetes, Docker, Terraform, Agile/Jira, risk controls, AI automation, incident response. Preferred: experience with data analytics dashboards and stakeholder communication.",2026-03-05,Cloud / Security / Data / AI / Analyst,"Energy operations and cyber resilience create technical needs; sponsor policy must be verified. — validate sponsorship via DOL/USCIS; signal only, not legal certainty."
